hist_id,tree_id,tag_number,hazard_rating,DBH,notes,year
0,0,1070,Healthy,46,,2022
1,1,1071,Healthy,35.3,,2022
2,2,1072,Healthy,34.6,,2022
3,3,1073,Healthy,33.6,,2022
4,4,1086,Healthy,31.8,5.7 5.4 4.5 4.8 4.4 3.8 3.6,2022
5,5,1090,Some distress,22.8,10.5 4.8 7.5; limb dmg,2022
6,6,1092,Some distress,16.2,7.7 3.2 1.8 3.5,2022
7,7,1093,Healthy,54.6,18.8 17.6 18.2,2022
8,8,1094,Healthy,54.5,13.5 13.5 13.2 14.3,2022
9,9,1095,Healthy,58.7,pull tag out,2022
10,10,1096,Healthy,34.7,,2022
11,11,1135,Some distress,43.6,spongy moth nesting,2022
12,12,,Some distress,50.1,fab sculpt front; base rot,2022
13,13,,Healthy,35.4,"acadmy st, fab side stair",2022
14,14,1097,Healthy,60.1,pull tag out,2022
15,15,1099,Some distress,23.7,base rot,2022
16,16,1098,Healthy,36.9,15.3 9.8 11.8,2022
17,17,1100,Some distress,31.1,16.2 8.6 6.3,2022
18,18,1101,Healthy,48.7,20 28.7,2022
19,19,1134,Some distress,52.9,,2022
20,20,1127,Healthy,68.1,,2022
21,21,1126,Healthy,29.8,20.5 9.3,2022
22,22,1133,Healthy,33.6,,2022
23,23,1131,Extreme distress,67.6,,2022
24,24,1132,Healthy,57,,2022
25,25,1130,Healthy,28.9,,2022
26,26,1085,Healthy,29.5,,2022
27,27,1084,Healthy,21.8,,2022
28,28,1083,Extreme distress,12.6,,2022
29,29,1080,Healthy,27.7,,2022
30,30,1081,Healthy,21.6,,2022
31,31,1079,Healthy,25.4,,2022
32,32,1082,Healthy,27.9,,2022
33,33,1078,Healthy,28.5,,2022
34,34,1077,Healthy,23.4,,2022
35,35,1076,Some distress,12.1,,2022
36,36,1075,Healthy,26.4,,2022
37,37,1002,Healthy,23.8,,2022
38,38,1001,Healthy,20.9,,2022
39,39,1003,Healthy,24.5,,2022
40,40,1004,Healthy,26.6,,2022
41,41,1005,Healthy,27.1,,2022
42,42,1006,Healthy,32.8,,2022
43,43,1007,Healthy,18.9,,2022
44,44,1008,Healthy,54.2,mult trunk 11.9 11.7 9.8 10.2 10.6,2022
45,45,1011,Some distress,20.1,4.9 6.6 8.6 mult stem,2022
46,46,1012,Some distress,18.3,,2022
47,47,1013,Healthy,29,spongy moth egg cases,2022
48,48,1014,Healthy,74.1,6.6 7.6 8.7 11.8 18.5 8.4 12.5,2022
49,49,1019,Healthy,24.3,10.4 15.5 8.4,2022
50,50,,Healthy,116,63.5 52.5,2022
51,51,376,Healthy,25,,2022
52,52,375,Healthy,41.3,,2022
53,53,385,Healthy,70.7,,2022
54,54,388,Healthy,8.8,,2022
55,55,388,Healthy,92.8,,2022
56,56,389,Healthy,61.2,,2022
57,57,387,Healthy,34.5,6.7 5.8 3.7 3.4 3.9 6.8 5.0,2022
58,58,390,Healthy,43.3,,2022
59,59,360,Healthy,51.7,,2022
60,60,357,Healthy,55.9,,2022
61,61,356,Healthy,61,20.1 7.2 33.7,2022
62,62,355,Healthy,43.8,,2022
63,63,354,Healthy,19.1,,2022
64,64,353,Healthy,49.9,,2022
65,65,1141,Healthy,53.4,,2022
66,66,1142,Healthy,21.4,,2022
67,67,1143,Healthy,51.1,17.2 9.8 8.5 15.6,2022
68,68,1144,Healthy,65.1,7.5 11.0 11.8 8.3 6.0 10.0 10.5,2022
69,69,1145,Healthy,76.8,11 11.5 8.8 11.8 8.7 5.5 6 13.5,2022
70,70,1148,Healthy,49.7,14.7 13 22,2022
71,71,1147,Healthy,41.6,3.6 7.3 4 11.4 5.2 2.5 7.6,2022
72,72,1148,Healthy,59.4,5.8 6.8 6.1 7.6 6.8 10 9.3 7,2022
73,73,1149,Healthy,21.8,,2022
74,74,1151,Healthy,17.9,,2022
75,75,1152,Healthy,16.7,,2022
76,76,,Healthy,4.7,new maple lib side academy,2022
77,77,,Healthy,5,,2022
78,78,1173,Healthy,46.6,,2022
79,79,1172,Healthy,41.1,,2022
80,80,1104,Healthy,5.6,,2022
81,81,1105,Healthy,5.9,,2022
82,82,1106,Healthy,5,,2022
83,83,1107,Healthy,4.7,,2022
84,84,1115,Some distress,38.5,,2022
85,85,1120,Extreme distress,29.3,,2022
86,86,1121,Healthy,40.5,,2022
87,87,1122,Healthy,60.4,,2022
88,88,1123,,63.5,,2022
89,89,1125,Healthy,21.4,,2022
90,90,1119,Healthy,55,26.4 28.6,2022
91,91,1118,Healthy,43.7,,2022
92,92,1117,Healthy,47.9,,2022
93,93,1124,Healthy,64.8,,2022
94,94,1224,Healthy,48.7,,2022
95,95,1190,Healthy,27.6,,2022
96,96,,Some distress,74.7,humphrey house across academy from k sign,2022
97,97,,Healthy,45,armored tree; front humphry; between blk locust,2022
98,98,,Extreme distress,75.9,humphry front; right black locust from street,2022
99,99,,Healthy,68.1,front humphry; 2nd tree on left of shrubbery,2022
100,100,,Healthy,88.5,37.1 51.4; blck locust front humphry near firehyd,2022
101,101,1196,Extreme distress,136.7,35.4 38.4 24.6 38.3,2022
102,102,1219,Some distress,70.5,spongy moth nest,2022
103,103,1218,Healthy,88.2,,2022
104,104,1217,Healthy,53.8,,2022
105,105,1225,Healthy,54.4,,2022
106,106,,Healthy,71.3,behind Humphrey house Next to faculty parking sign,2022
107,107,1228,Healthy,37.6,,2022
108,108,1229,Healthy,55.6,,2022
109,109,1232,Healthy,55.8,,2022
110,110,1230,Healthy,43.4,,2022
111,111,1231,Healthy,45.9,,2022
112,112,607,Healthy,73.8,,2022
113,113,610,Healthy,39.6,,2022
114,114,608,Healthy,59.9,,2022
115,115,609,Healthy,41.2,,2022
116,116,612,Healthy,29.7,,2022
117,117,615,Healthy,26.4,5.4 6.4 7.7 4.9,2022
118,118,616,Healthy,23.4,,2022
119,119,617,Some distress,64.6,9 8.3 3.9 7..2 8.3 6.7 10.5 6.2 4.5,2022
120,120,631,Healthy,31.9,,2022
121,121,630,Some distress,63.9,,2022
122,122,629,Some distress,78.2,,2022
123,123,628,Healthy,55.3,,2022
124,124,626,Some distress,48.8,,2022
125,125,625,Healthy,52.2,,2022
126,126,624,Healthy,49.1,,2022
127,127,618,Some distress,50.3,,2022
128,128,619,Healthy,25.4,,2022
129,129,621,Healthy,72.6,,2022
130,130,622,Healthy,54.8,,2022
131,131,623,Healthy,68,,2022
132,132,627,Healthy,63.5,,2022
133,133,634,Some distress,49,,2022
134,134,635,Healthy,49,,2022
135,135,636,Some distress,79.7,,2022
136,136,633,Healthy,38.6,,2022
137,137,632,Healthy,13,,2022
138,138,637,Healthy,90.8,,2022
139,139,639,Healthy,48.9,,2022
140,140,,Extreme distress,63.9,,2022
141,141,640,Some distress,77.7,,2022
142,142,641,Healthy,39.4,,2022
143,143,642,Extreme distress,28.6,,2022
144,144,643,Healthy,44.2,6.7 7.2 6 11.3 9.6 3.4,2022
145,145,650,Healthy,45,,2022
146,146,644,Healthy,13.9,,2022
147,147,645,Healthy,41.9,,2022
148,148,648,Some distress,86.2,,2022
149,149,647,Healthy,39.7,,2022
150,150,646,Healthy,25.9,,2022
151,151,651,Healthy,78.9,4.3 4.7 13.2 12.3 5.6 12 4.5 7.3 9.3 5.7,2022
152,152,688,Healthy,29.7,,2022
153,153,,Healthy,7.4,,2022
154,154,689,Healthy,15.9,,2022
155,155,687,Healthy,36.8,,2022
156,156,686,Healthy,42.2,,2022
157,157,684,Healthy,57.6,10 10.5 11.3 12.6 13.2,2022
158,158,685,Healthy,37.2,14.8 8 9.5 4.9,2022
159,159,692,Healthy,66.8,,2022
160,160,693,Healthy,80.4,,2022
161,161,691,Some distress,58.6,,2022
162,162,710,Healthy,23.7,,2022
163,163,711,Healthy,56.3,,2022
164,164,712,Healthy,66.9,,2022
165,165,720,Healthy,82.9,,2022
166,166,719,Healthy,27.8,,2022
167,167,709,Extreme distress,18.2,,2022
168,168,708,Healthy,29.3,,2022
169,169,704,Healthy,23,,2022
170,170,705,Some distress,48.2,,2022
171,171,707,Healthy,56.5,,2022
172,172,706,Healthy,82.8,,2022
173,173,717,Healthy,18.3,,2022
174,174,718,Healthy,53.2,,2022
175,175,714,Healthy,27.7,,2022
176,176,715,Healthy,20.7,,2022
177,177,718,Healthy,77.7,,2022
178,178,733,Healthy,40,,2022
179,179,732,Healthy,33.1,,2022
180,180,731,Healthy,34.4,,2022
181,181,730,Healthy,36.7,,2022
182,182,729,Healthy,35.7,,2022
183,183,728,Healthy,16.2,,2022
184,184,727,Healthy,20.1,,2022
185,185,726,Some distress,24.3,,2022
186,186,725,Healthy,34.5,,2022
187,187,724,Healthy,37.2,,2022
188,188,723,Healthy,21,,2022
189,189,722,Healthy,51.3,,2022
190,190,721,Healthy,47,,2022
191,191,694,Healthy,72.3,,2022
192,192,695,Healthy,93.8,,2022
193,193,696,Healthy,21.6,,2022
194,194,697,Healthy,28.5,7 7.5 6.3 7.7,2022
195,195,699,Healthy,98.7,,2022
196,196,,Healthy,68.1,,2022
197,197,737,Healthy,78.7,,2022
198,198,736,Healthy,19.8,,2022
199,199,735,Healthy,78.4,,2022
200,200,734,Healthy,19.8,,2022
201,201,698,Healthy,20.8,6.8 8.2 4.1 1.7,2022
202,202,700,Healthy,31.3,,2022
203,203,711,Healthy,19.9,,2022
204,204,702,Healthy,40,5.3 4.8 5.3 6/2 7,2022
205,205,782,Healthy,18.4,,2022
206,206,783,Healthy,34.8,,2022
207,207,763,Healthy,12.3,,2022
208,208,789,Healthy,72.2,,2022
209,209,788,Healthy,35.4,,2022
210,210,762,Healthy,16.7,,2022
211,211,761,Healthy,31.7,,2022
212,212,785,Healthy,65.2,,2022
213,213,775,Healthy,133.9,,2022
214,214,774,Healthy,75.3,,2022
215,215,772,Healthy,30.7,,2022
216,216,777,Healthy,34.2,,2022
217,217,771,Healthy,47.7,,2022
218,218,780,Healthy,27.7,,2022
219,219,779,Healthy,106.2,,2022
220,220,778,Healthy,84.1,,2022
221,221,781,Healthy,50.6,,2022
222,222,776,Healthy,83.4,,2022
223,223,786,Healthy,65.5,,2022
224,224,787,Healthy,37.8,,2022
225,225,790,Some distress,98.8,,2022
226,226,760,Healthy,89.1,,2022
227,227,791,Healthy,62.3,,2022
228,228,792,Healthy,16.8,,2022
229,229,793,Healthy,7.3,,2022
230,230,796,Some distress,76.1,,2022
231,231,797,Some distress,76.2,,2022
232,232,795,Some distress,79.3,,2022
233,233,794,Healthy,44.6,,2022
234,234,813,Healthy,71.8,,2022
235,235,812,Healthy,49.3,,2022
236,236,993,Healthy,9.3,,2022
237,237,802,Healthy,31.1,,2022
238,238,801,Healthy,46.3,,2022
239,239,764,Healthy,26.3,4.8 8.1 3.3 4.9 5.2,2022
240,240,765,Healthy,31.8,4.2 4.2 4.1 6.3 8.3 4.7,2022
241,241,766,Healthy,24.3,4.1 5.1 6.1 2.1 6.9,2022
242,242,767,Healthy,20.5,7.5 4 4.1 4.9,2022
243,243,809,Healthy,39.2,,2022
244,244,810,Healthy,57.9,,2022
245,245,803,Healthy,84.8,,2022
246,246,804,Healthy,92,,2022
247,247,803,Healthy,105.2,,2022
248,248,807,Healthy,78,,2022
249,249,768,Healthy,23.5,,2022
250,250,806,Healthy,25.8,,2022
251,251,805,Healthy,38.7,,2022
252,252,816,Healthy,85.7,,2022
253,253,814,Healthy,77.4,,2022
254,254,815,Healthy,76.2,,2022
255,255,820,Healthy,28.3,,2022
256,256,817,Some distress,40.4,,2022
257,257,992,Healthy,66.7,,2022
258,258,991,Healthy,98,,2022
259,259,854,Healthy,112,,2022
260,260,846,Healthy,28.8,,2022
261,261,845,Healthy,64,,2022
262,262,847,Healthy,22.2,,2022
263,263,844,Healthy,81.3,,2022
264,264,843,Healthy,38,,2022
265,265,851,Healthy,24.9,,2022
266,266,850,Some distress,95.3,,2022
267,267,849,Healthy,99.5,,2022
268,268,848,Healthy,36,,2022
269,269,,Healthy,9.6,,2022
270,270,308,Healthy,66.3,,2022
271,271,307,Healthy,151.9,,2022
272,272,306,Healthy,63.9,,2022
273,273,305,Healthy,38.5,,2022
274,274,304,Healthy,51.5,,2022
275,275,303,Extreme distress,61.5,,2022
276,276,302,Healthy,52.5,,2022
277,277,301,Healthy,30.1,,2022
278,278,300,Healthy,16.3,,2022
279,279,299,Some distress,38,,2022
280,280,290,Healthy,25.3,,2022
281,281,291,Healthy,68.3,,2022
282,282,,Some distress,26.8,,2022
283,283,288,Extreme distress,34.2,,2022
284,284,292,Healthy,24.6,,2022
285,285,285,Healthy,57,,2022
286,286,284,Healthy,56.1,,2022
287,287,286,Healthy,21.1,,2022
288,288,287,Healthy,20.5,,2022
289,289,294,Healthy,63.2,,2022
290,290,293,Healthy,22,,2022
291,291,281,Healthy,21.2,,2022
292,292,290,Some distress,23.7,,2022
293,293,279,Some distress,24.5,,2022
294,294,283,Healthy,44.4,,2022
295,295,282,Healthy,70.5,,2022
296,296,278,Healthy,67.1,,2022
297,297,276,Some distress,14.8,,2022
298,298,269,Some distress,23.2,,2022
299,299,270,Healthy,19.8,,2022
300,300,277,Some distress,14.8,,2022
301,301,271,Some distress,69.7,,2022
302,302,272,Healthy,32.9,,2022
303,303,273,Healthy,26.6,,2022
304,304,274,Healthy,28.8,,2022
305,305,275,Healthy,28.9,,2022
306,306,268,Healthy,58.7,,2022
307,307,267,Healthy,61.8,,2022
308,308,266,Healthy,44.8,,2022
309,309,264,Some distress,117.5,40.5 36.5 40.5,2022
310,310,263,Healthy,40.2,,2022
311,311,265,Healthy,72,,2022
312,312,262,Healthy,59.1,,2022
313,313,261,Some distress,64.8,,2022
314,314,,Healthy,42.8,,2022
315,315,350,Some distress,27.1,27.1 64.3,2022
316,316,348,Healthy,12.5,,2022
317,317,351,Healthy,64.3,,2022
318,318,349,Healthy,70.3,,2022
319,319,259,Some distress,63.6,,2022
320,320,258,Healthy,36.8,,2022
321,321,257,Healthy,29.3,,2022
322,322,256,Some distress,22,,2022
323,323,255,Some distress,92,,2022
324,324,254,Healthy,22.5,,2022
325,325,251,Healthy,37.2,,2022
326,326,250,Healthy,53.6,,2022
327,327,249,Healthy,49.4,,2022
328,328,248,Healthy,53.6,,2022
329,329,247,Some distress,31.5,,2022
330,330,253,Healthy,37,,2022
331,331,252,Healthy,65.1,,2022
332,332,244,Healthy,42.2,,2022
333,333,245,Healthy,91.5,,2022
334,334,246,Healthy,63.5,,2022
335,335,352,Healthy,29,,2022
336,336,346,Healthy,60.6,,2022
337,337,345,Healthy,61.2,,2022
338,338,343,Healthy,69.3,,2022
339,339,342,Some distress,47.3,,2022
340,340,1020,Healthy,10.8,,2022
341,341,1021,Some distress,28.8,,2022
342,342,1022,Extreme distress,39.1,,2022
343,343,1023,Healthy,7.4,,2022
344,344,1066,Healthy,12,,2022
345,345,1065,Healthy,20.8,10.5 8.0 2.3,2022
346,346,1064,Healthy,9.2,,2022
347,347,1063,Healthy,25.8,9 10.5 6.3,2022
348,348,1062,Healthy,9.4,,2022
349,349,1061,Healthy,16.4,10.8 5.8,2022
350,350,1060,Healthy,25.2,10.4 7.6 7.2,2022
351,351,1059,Healthy,15.4,5.3 3.2 3.1 3.5,2022
352,352,1058,Healthy,9.9,,2022
353,353,1057,Healthy,10.9,,2022
354,354,1056,Healthy,10.6,,2022
355,355,1055,Healthy,16.3,7.6 8.7,2022
356,356,1054,Healthy,10.3,,2022
357,357,1037,Healthy,12.4,,2022
358,358,1038,Healthy,14.5,,2022
359,359,1039,Healthy,16,,2022
360,360,1040,Healthy,11.5,,2022
361,361,1041,Healthy,21.3,10.9 10.4,2022
362,362,1042,Healthy,12.3,,2022
363,363,1043,Healthy,17.3,,2022
364,364,1044,Healthy,13.1,,2022
365,365,1045,Healthy,14.6,,2022
366,366,1046,Healthy,14.4,,2022
367,367,1047,Healthy,9,,2022
368,368,1048,Healthy,11.8,,2022
369,369,1049,Healthy,16,,2022
370,370,1050,Healthy,14.2,,2022
371,371,1051,Healthy,16.3,,2022
372,372,1052,Healthy,21,9.0 12.0,2022
373,373,1053,Healthy,21.3,10.9 10.4,2022
374,374,1036,Healthy,22.6,,2022
375,375,1034,Healthy,22.7,,2022
376,376,1033,Healthy,13.8,,2022
377,377,1025,Some distress,51.4,,2022
378,378,1032,Healthy,16.8,,2022
379,379,1031,,13.3,,2022
380,380,1030,Healthy,20.7,,2022
381,381,1029,Healthy,18,,2022
382,382,1028,Healthy,14.3,,2022
383,383,1027,Healthy,13.4,,2022
384,384,1026,Extreme distress,11.7,,2022
385,385,382,Healthy,24.8,,2022
386,386,383,Some distress,50.5,,2022
387,387,1069,Healthy,9.3,,2022
388,388,1068,Some distress,6,,2022
389,389,1067,Some distress,12,,2022
390,390,384,Extreme distress,40.5,,2022
391,391,381,Healthy,65.3,,2022
392,392,380,Healthy,44.7,,2022
393,393,379,Healthy,57.3,,2022
394,394,378,Healthy,85.1,40.8 44.3,2022
395,395,546,Healthy,35,,2022
396,396,545,Extreme distress,15.8,,2022
397,397,543,Extreme distress,23.3,,2022
398,398,542,Extreme distress,37,,2022
399,399,537,Healthy,17.4,,2022
400,400,538,Healthy,38.5,,2022
401,401,539,Healthy,59.9,,2022
402,402,342,Healthy,8.1,,2022
403,403,531,Healthy,9.1,,2022
404,404,549,Some distress,71,,2022
405,405,536,Some distress,8.2,,2022
406,406,535,Healthy,8.5,,2022
407,407,534,Healthy,4.3,,2022
408,408,528,Some distress,6,,2022
409,409,527,Healthy,10.9,,2022
410,410,523,Healthy,25.8,,2022
411,411,,Healthy,54.5,,2022
412,412,526,Healthy,12.9,,2022
413,413,529,Healthy,10.9,,2022
414,414,533,Healthy,8.5,,2022
415,415,530,Healthy,14.8,,2022
416,416,583,Healthy,54.5,,2022
417,417,,Healthy,65.1,,2022
418,418,,Healthy,81.3,,2022
419,419,546,Healthy,19.1,,2022
420,420,590,Healthy,16.5,,2022
421,421,597,Healthy,19.2,,2022
422,422,598,Healthy,43.4,,2022
423,423,599,Healthy,24.2,,2022
424,424,582,Healthy,33.7,,2022
425,425,600,Healthy,61.2,,2022
426,426,602,Some distress,57.6,,2022
427,427,581,Some distress,51.3,,2022
428,428,614,Extreme distress,75.6,,2022
429,429,613,Healthy,21.3,,2022
430,430,611,Healthy,6.5,,2022
431,431,605,Some distress,34.8,,2022
432,432,596,Some distress,65.6,,2022
433,433,604,Healthy,18.6,,2022
434,434,603,Healthy,21.2,,2022
435,435,595,Healthy,49.7,,2022
436,436,594,Healthy,20.5,,2022
437,437,593,Extreme distress,34.8,,2022
438,438,592,Healthy,14.3,,2022
439,439,587,Some distress,37.7,,2022
440,440,588,Healthy,52.5,,2022
441,441,589,Healthy,43.9,,2022
442,442,683,Healthy,72,,2022
443,443,680,Healthy,23.5,,2022
444,444,679,Healthy,9.5,,2022
445,445,681,Healthy,11.1,,2022
446,446,682,Healthy,11,,2022
447,447,676,Healthy,13,,2022
448,448,677,Healthy,67.4,24 23.4,2022
449,449,676,Healthy,15.8,,2022
450,450,673,Healthy,59.4,10.7,2022
451,451,674,Healthy,37.6,,2022
452,452,673,Healthy,12.4,,2022
453,453,672,Healthy,13.1,,2022
454,454,1255,Healthy,16,,2022
455,455,1260,Some distress,51,,2022
456,456,1262,Healthy,13.2,,2022
457,457,1263,Some distress,36.7,,2022
458,458,1264,Healthy,14.9,7.5 4.6 2.8,2022
459,459,1280,Extreme distress,33.4,,2022
460,460,,Healthy,49.6,,2022
461,461,1246,Healthy,19.5,,2022
462,462,1245,Healthy,50,,2022
463,463,1244,Healthy,52,,2022
464,464,1243,Healthy,43.8,,2022
465,465,1274,Healthy,39.2,,2022
466,466,1273,Some distress,44.7,,2022
467,467,1276,Healthy,85.5,,2022
468,468,1275,Extreme distress,94.6,,2022
469,469,1287,Healthy,18.4,,2022
470,470,1286,Healthy,27.8,,2022
471,471,1284,Healthy,29.2,,2022
472,472,1285,Healthy,61.8,,2022
473,473,1283,Some distress,42,,2022
474,474,1282,Healthy,58.5,,2022
475,475,1279,Healthy,113.8,68.3 45.5,2022
476,476,,Some distress,76.7,34.2 42.5,2022
477,477,1266,Healthy,57.3,,2022
478,478,1267,Healthy,21.7,,2022
479,479,1269,Healthy,40.2,14.7 12 13.5,2022
480,480,1268,Healthy,35.6,,2022
481,481,1270,Healthy,40.8,,2022
482,482,1271,Healthy,55.6,11.2 10.9 21.3 12.2,2022
483,483,1272,Healthy,51.1,,2022
484,484,,Healthy,40.3,,2022
485,485,,Some distress,61.2,,2022
486,486,1300,Healthy,73,10.3 8.9 17.1 26.3 10.5,2022
487,487,1297,Healthy,19.8,,2022
488,488,1296,Healthy,16.4,6.2 2.8 4.2 3.2,2022
489,489,1337,Healthy,87,24 27.2 35.8,2022
490,490,1336,Healthy,58.5,22.2 19.6 16.7,2022
491,491,1334,Some distress,11.8,,2022
492,492,1333,Healthy,7.2,,2022
493,493,1332,Healthy,12.9,,2022
494,494,1331,Healthy,15.3,,2022
495,495,1330,Healthy,16.3,,2022
496,496,1329,Healthy,14.6,,2022
497,497,1328,Healthy,18.9,,2022
498,498,1293,Healthy,13,,2022
499,499,1323,Healthy,35.8,,2022
500,500,1326,Healthy,16.4,,2022
501,501,1322,Healthy,53.5,,2022
502,502,1321,Healthy,50,,2022
503,503,1324,Some distress,14.2,,2022
504,504,1320,Healthy,42.8,,2022
505,505,1319,Healthy,13.3,,2022
506,506,1317,Healthy,64.7,,2022
507,507,1316,Healthy,54.3,,2022
508,508,,Healthy,73.6,,2022
509,509,1314,Healthy,28.5,17.6 3 4.7 3.2,2022
510,510,1313,Healthy,35.6,,2022
511,511,1312,Healthy,21.2,,2022
512,512,1311,Healthy,17.5,,2022
513,513,,Healthy,37.5,,2022
514,514,,Healthy,32,,2022
515,515,1341,Healthy,37.2,,2022
516,516,1342,Healthy,33,,2022
517,517,1343,Healthy,46.5,,2022
518,518,,Extreme distress,23.1,,2022
519,519,1345,Extreme distress,23.7,,2022
520,520,,Some distress,10.4,,2022
521,521,,Healthy,22.1,,2022
522,522,836,Healthy,41.9,,2022
523,523,835,Healthy,54.5,,2022
524,524,834,Healthy,36.9,,2022
525,525,832,Healthy,30.5,,2022
526,526,831,Healthy,42.8,,2022
527,527,,Healthy,82.4,,2022
528,528,830,Healthy,40.7,,2022
529,529,829,Healthy,43,,2022
530,530,828,Healthy,42.3,,2022
531,531,827,Some distress,45.8,,2022
532,532,825,Healthy,45.2,,2022
533,533,823,Healthy,30.4,,2022
534,534,822,Healthy,59.4,,2022
535,535,755,Healthy,51.2,,2022
536,536,754,Healthy,80.7,,2022
537,537,750,Healthy,85,,2022
538,538,749,Some distress,72.3,,2022
539,539,747,Healthy,22.5,,2022
540,540,746,Healthy,10,,2022
541,541,744,Healthy,9.1,,2022
542,542,745,Healthy,20.9,,2022
543,543,743,Healthy,14.2,,2022
544,544,742,Healthy,9.2,,2022
545,545,741,Healthy,21.1,,2022
546,546,740,Healthy,16.5,,2022
547,547,739,Some distress,22,,2022
548,548,752,Healthy,69.7,,2022
549,549,751,Healthy,67.4,,2022
550,550,753,Healthy,82.2,,2022
551,551,,Healthy,68.7,,2022
552,552,2,Healthy,74.4,,2022
553,553,4,Healthy,13.3,,2022
554,554,,Healthy,5.4,,2022
555,555,6,Healthy,7.2,,2022
556,556,7,Healthy,9.8,,2022
557,557,10,Healthy,12.4,,2022
558,558,9,Healthy,43.5,,2022
559,559,8,Some distress,42.7,,2022
560,560,21,Some distress,4.6,,2022
561,561,20,Healthy,29.9,,2022
562,562,13,Healthy,11,,2022
563,563,11,Healthy,15.2,,2022
564,564,12,Healthy,6.6,,2022
565,565,14,Healthy,26.7,,2022
566,566,19,Healthy,33.5,,2022
567,567,16,Healthy,24.8,,2022
568,568,17,Healthy,21,,2022
569,569,322,Healthy,41,,2022
570,570,324,Healthy,11.3,,2022
571,571,323,Healthy,26.1,,2022
572,572,325,Healthy,22.1,,2022
573,573,18,Healthy,15.1,,2022
574,574,40,Healthy,8.7,,2022
575,575,41,Healthy,9.2,,2022
576,576,,Some distress,12.2,,2022
577,577,68,Healthy,57.9,,2022
578,578,67,Healthy,24.2,,2022
579,579,66,Healthy,8.2,,2022
580,580,69,Extreme distress,6.8,,2022
581,581,65,Extreme distress,53.3,,2022
582,582,64,Healthy,9.4,,2022
583,583,70,Healthy,9,,2022
584,584,,Healthy,26.2,,2022
585,585,327,Healthy,51.6,,2022
586,586,328,Some distress,15,,2022
587,587,72,Healthy,48.8,,2022
588,588,97,Healthy,48.3,,2022
589,589,63,Healthy,4.8,,2022
590,590,62,Healthy,39.7,,2022
591,591,61,Healthy,14.5,,2022
592,592,60,Healthy,34.7,,2022
593,593,59,Some distress,10.8,,2022
594,594,48,Healthy,6.7,,2022
595,595,49,Healthy,19.2,,2022
596,596,47,Healthy,48.8,,2022
597,597,35,Healthy,11.5,,2022
598,598,27,Healthy,55,,2022
599,599,25,Healthy,49,,2022
600,600,24,Healthy,6.2,,2022
601,601,23,Healthy,8,,2022
602,602,22,Some distress,8.8,,2022
603,603,26,Healthy,12.3,,2022
604,604,56,Healthy,9.5,,2022
605,605,57,Healthy,14.8,,2022
606,606,78,Some distress,7,,2022
607,607,79,Healthy,7.8,,2022
608,608,77,Healthy,7.6,,2022
609,609,76,Some distress,8,,2022
610,610,75,Healthy,6.3,,2022
611,611,96,Healthy,15.4,,2022
612,612,95,Healthy,8,,2022
613,613,99,Healthy,10.5,,2022
614,614,98,Healthy,14.6,,2022
615,615,329,Healthy,61.3,,2022
616,616,101,Some distress,41.6,,2022
617,617,102,Healthy,29.6,,2022
618,618,100,Healthy,12.6,,2022
619,619,103,Healthy,35,,2022
620,620,110,Healthy,25.7,,2022
621,621,109,Healthy,16.2,,2022
622,622,108,Healthy,4.7,,2022
623,623,107,Healthy,10.3,,2022
624,624,105,Healthy,25,,2022
625,625,104,Healthy,11.2,,2022
626,626,332,Healthy,38.3,,2022
627,627,295,Healthy,33.5,,2022
628,628,331,Healthy,26.1,,2022
629,629,330,Healthy,31,,2022
630,630,125,Healthy,50.7,,2022
631,631,,Healthy,38.3,,2022
632,632,,Healthy,45.1,,2022
633,633,334,Healthy,27.8,,2022
634,634,127,Healthy,47.4,,2022
635,635,126,Healthy,11.7,,2022
636,636,137,Healthy,67,,2022
637,637,136,Healthy,21.5,,2022
638,638,138,Healthy,7,,2022
639,639,139,Healthy,5.9,,2022
640,640,140,Healthy,8.6,,2022
641,641,141,Healthy,8.7,,2022
642,642,142,Healthy,6.5,,2022
643,643,143,Healthy,27.8,,2022
644,644,144,Healthy,32.2,,2022
645,645,154,Healthy,17.7,,2022
646,646,153,Healthy,43.4,,2022
647,647,155,Healthy,22,,2022
648,648,156,Healthy,16.3,,2022
649,649,159,Healthy,28.1,,2022
650,650,160,Healthy,11,,2022
651,651,161,Healthy,44.2,,2022
652,652,166,Healthy,13.8,,2022
653,653,165,Some distress,15.2,,2022
654,654,164,Healthy,54.9,,2022
655,655,162,Healthy,8.7,,2022
656,656,163,Healthy,10.3,,2022
657,657,168,Healthy,25.2,,2022
658,658,171,Healthy,10.2,,2022
659,659,170,Healthy,17.7,,2022
660,660,169,Healthy,62.2,,2022
661,661,175,Healthy,9.4,,2022
662,662,1335,Healthy,48,,2022
663,663,205,Some distress,36,,2022
664,664,202,Some distress,66.5,,2022
665,665,238,Healthy,29,,2022
666,666,201,Extreme distress,14.3,,2022
667,667,237,Some distress,8.8,,2022
668,668,23,Some distress,34.6,,2022
669,669,239,Some distress,33.5,,2022
670,670,240,Some distress,69.7,,2022
671,671,241,Healthy,46.2,,2022
672,672,242,Healthy,44,,2022
673,673,243,Healthy,40.3,,2022
674,674,81,Some distress,73.5,,2022
675,675,82,Healthy,8,,2022
676,676,83,Healthy,7.5,,2022
677,677,84,Healthy,7.3,,2022
678,678,85,Some distress,48.3,,2022
679,679,86,Some distress,9.3,,2022
680,680,88,Healthy,21.9,,2022
681,681,87,Healthy,29.8,,2022
682,682,91,Some distress,70.4,,2022
683,683,92,Some distress,6.7,,2022
684,684,58,Some distress,57.9,,2022
685,685,44,Healthy,106.3,,2022
686,686,15,Some distress,83.2,,2022
687,687,39,Healthy,62.2,,2022
688,688,43,Healthy,13.5,,2022
689,689,37,Healthy,19.9,,2022
690,690,36,Some distress,11.9,,2022
691,691,38,Healthy,26.2,,2022
692,692,46,Some distress,5.2,,2022
693,693,45,Some distress,39.5,,2022
694,694,177,Some distress,54,,2022
695,695,198,Some distress,13.9,,2022
696,696,197,Healthy,44.7,,2022
697,697,,Some distress,60.1,,2022
698,698,172,Healthy,9.5,,2022
699,699,191,Some distress,55.6,,2022
700,700,115,Healthy,9.7,,2022
701,701,116,Healthy,40.2,,2022
702,702,117,Healthy,25.9,,2022
703,703,118,Healthy,10.6,,2022
704,704,119,Healthy,9.3,,2022
705,705,120,Extreme distress,21.5,,2022
706,706,122,Healthy,20.7,,2022
707,707,123,Healthy,27.6,,2022
708,708,124,Healthy,11,,2022
709,709,124,Healthy,11,,2022
710,710,128,Healthy,50,,2022
711,711,129,Some distress,23.8,,2022
712,712,133,Some distress,76.5,,2022
713,713,130,Healthy,14.8,,2022
714,714,131,Healthy,11,,2022
715,715,132,Healthy,18,,2022
716,716,152,Extreme distress,20.1,,2022
717,717,320,Healthy,21,14.3 12.4 4.3,2022
718,718,319,Healthy,37.4,13 10.8 13.6,2022
719,719,318,Healthy,46.3,8.4 13.5 11.9 7.8 4.7,2022
720,720,509,Healthy,21.1,,2022
721,721,508,Healthy,67.7,,2022
722,722,507,Healthy,36,,2022
723,723,506,Some distress,45,,2022
724,724,505,Some distress,37.9,spong moth,2022
725,725,504,Healthy,78.1,,2022
726,726,503,Some distress,44,,2022
727,727,502,Some distress,65.2,lot of spong moth,2022
728,728,501,Extreme distress,31,,2022
729,729,513,Healthy,47.5,,2022
730,730,512,Healthy,43.1,,2022
731,731,510,Healthy,33.9,,2022
732,732,511,Healthy,57.1,,2022
733,733,514,Healthy,37.1,,2022
734,734,515,Healthy,28.6,,2022
735,735,516,Healthy,24.2,,2022
736,736,517,Healthy,27.3,,2022
737,737,518,Healthy,29.4,,2022
738,738,579,Healthy,68.9,,2022
739,739,578,Healthy,48.1,,2022
740,740,575,Healthy,59,,2022
741,741,573,Healthy,89,,2022
742,742,580,Healthy,29.8,,2022
743,743,519,Healthy,29.8,,2022
744,744,520,Healthy,27.9,,2022
745,745,521,Healthy,20.4,,2022
746,746,522,Healthy,20.8,,2022
747,747,523,Healthy,26,,2022
748,748,525,Healthy,52.9,,2022
749,749,577,Healthy,60.3,,2022
750,750,576,Some distress,17.2,,2022
751,751,574,Healthy,67.9,,2022
752,752,572,Some distress,51.8,,2022
753,753,571,Healthy,75.6,,2022
754,754,570,Extreme distress,61,,2022
755,755,589,Some distress,69.3,,2022
756,756,568,Healthy,77.7,,2022
757,757,567,Some distress,35.4,,2022
758,758,566,Healthy,76,,2022
759,759,560,Some distress,57.5,,2022
760,760,559,Healthy,65.5,,2022
761,761,558,Healthy,36.3,,2022
762,762,557,Healthy,23,,2022
763,763,564,Some distress,29,,2022
764,764,561,Healthy,38.8,,2022
765,765,562,Extreme distress,25.7,,2022
766,766,554,Healthy,85.4,,2022
767,767,555,Healthy,23.7,,2022
768,768,556,Some distress,65.5,,2022
769,769,551,Healthy,44,,2022
770,770,548,Healthy,17,,2022
771,771,553,Healthy,43.4,,2022
772,772,552,Healthy,26.7,,2022
773,773,547,Healthy,49.8,,2022
774,774,1184,Healthy,9.3,,2022
775,775,1183,Healthy,65.7,,2022
776,776,1238,Some distress,101.3,12.4 16.6 21.7 20.3 30.3,2022
777,777,1239,Healthy,47.2,25.5 23.7 18,2022
778,778,1182,Healthy,72.2,,2022
779,779,1184,Healthy,71.3,,2022
780,780,1180,Healthy,72.2,,2022
781,781,1179,Healthy,70.7,,2022
782,782,1178,Healthy,70.5,,2022
783,783,1177,Some distress,72.3,spongy moth eggs,2022
784,784,1256,Healthy,25.1,8.7 7.2 9.2,2022
785,785,1251,Healthy,68.5,,2022
786,786,1250,Healthy,81.2,,2022
787,787,1249,Healthy,60.1,,2022
788,788,1248,Healthy,65.5,,2022
789,789,1242,Healthy,41.6,,2022
790,790,,Some distress,80.8,am. sycamore; right of volleyball crt,2022
791,791,,Healthy,26.6,wht pin?; 1st in row; behnd natatorium,2022
792,792,,Some distress,28.3,2nd from left wht pine; behind nat,2022
793,793,,Healthy,28.3,3/7 lft to right; behind nat; wht pine,2022
794,794,,Some distress,27.6,4/7 lft to rght; behind nat; wht pin,2022
795,795,,Healthy,23.8,5/7 lft to rght; wht pin,2022
796,796,,Healthy,28.3,wht pin; 6/7 lft to rght,2022
797,797,,Healthy,24.4,7/7 lft to rght; wht pin;,2022
798,798,1289,Healthy,9.7,,2022
799,799,1290,Healthy,15.9,,2022
800,800,,Healthy,85.5,acad behind nat; red oak?,2022
801,801,1292,Healthy,35,,2022
802,0,1070,Healthy,44.7,,2019
803,1,1071,Healthy,34.5,,2019
804,2,1072,Healthy,34.3,,2019
805,3,1073,Healthy,32,,2019
806,4,1086,Healthy,19.2,,2019
807,5,1090,Healthy,22.9,,2019
808,6,1092,Healthy,21.2,,2019
809,7,1093,Healthy,46.4,,2019
810,8,1094,Some distress,47.3,,2019
811,9,1095,Healthy,54.5,,2019
812,10,1096,Healthy,34.1,,2019
813,11,1135,Healthy,42.1,,2019
814,14,1097,Healthy,54,,2019
815,15,1099,Some distress,50.7,,2019
816,16,1098,Healthy,36.9,,2019
817,17,1100,Some distress,16,,2019
818,18,1101,Some distress,48.4,,2019
819,19,1134,Healthy,53,,2019
820,20,1127,Healthy,67.7,,2019
821,21,1126,Healthy,18.3,,2019
822,22,1133,Healthy,29,,2019
823,23,1131,Healthy,66,,2019
824,24,1132,Healthy,56.4,,2019
825,25,1130,Healthy,28.4,,2019
826,26,1085,Healthy,27.1,,2019
827,27,1084,Healthy,27.3,,2019
828,28,1083,Healthy,20.4,,2019
829,29,1080,Healthy,25.7,,2019
830,30,1081,Some distress,21.1,,2019
831,31,1079,Some distress,24.6,,2019
832,32,1082,Some distress,26.9,,2019
833,33,1078,Healthy,27,,2019
834,34,1077,Some distress,22.6,,2019
835,35,1076,Healthy,12,,2019
836,36,1075,Healthy,25.6,,2019
837,37,1002,Healthy,22.1,,2019
838,38,1001,Healthy,18.6,,2019
839,39,1003,Healthy,21.4,,2019
840,40,1004,Healthy,24.7,,2019
841,41,1005,Healthy,25.1,,2019
842,42,1006,Healthy,28.7,,2019
843,43,1007,Healthy,18.5,,2019
844,44,1008,Healthy,45.4,,2019
845,45,1011,Healthy,19.7,,2019
846,46,1012,Healthy,14.3,,2019
847,47,1013,Healthy,26.1,,2019
848,48,1014,Healthy,34.9,,2019
849,49,1019,Healthy,14.3,,2019
850,51,376,Healthy,25,,2019
851,52,375,Healthy,41.4,,2019
852,53,385,Healthy,72.4,,2019
853,54,388,Healthy,93.6,,2019
854,55,388,Healthy,93.6,,2019
855,56,389,Healthy,60.8,,2019
856,57,387,Healthy,13.3,,2019
857,58,390,Some distress,42.7,,2019
858,59,360,Healthy,50.6,,2019
859,60,357,Healthy,54.6,,2019
860,61,356,Healthy,60.1,,2019
861,62,355,Healthy,43.2,,2019
862,63,354,Healthy,18.7,,2019
863,64,353,Healthy,49.2,,2019
864,65,1141,Healthy,16.5,,2019
865,66,1142,Healthy,15,,2019
866,67,1143,Healthy,18.8,,2019
867,68,1144,Healthy,22.6,,2019
868,69,1145,Healthy,20.5,,2019
869,70,1148,Healthy,23.4,,2019
870,71,1147,Healthy,22.4,,2019
871,72,1148,Healthy,23.4,,2019
872,73,1149,Healthy,26.9,,2019
873,74,1151,Healthy,16.5,,2019
874,75,1152,Healthy,15,,2019
875,78,1173,Healthy,46.4,,2019
876,79,1172,Some distress,39.8,,2019
877,80,1104,Healthy,6,,2019
878,81,1105,Healthy,5.7,,2019
879,82,1106,Healthy,5.1,,2019
880,83,1107,Healthy,4.3,,2019
881,84,1115,Extreme distress,37.5,,2019
882,85,1120,Extreme distress,28.7,,2019
883,86,1121,Healthy,40.5,,2019
884,87,1122,Healthy,57.3,,2019
885,88,1123,Healthy,64.4,,2019
886,89,1125,Healthy,20.8,,2019
887,90,1119,Healthy,53.7,,2019
888,91,1118,Healthy,42,,2019
889,92,1117,Healthy,45.3,,2019
890,93,1124,Healthy,63.5,,2019
891,94,1224,Healthy,46.5,,2019
892,95,1190,Healthy,23.5,,2019
893,101,1196,Healthy,132,,2019
894,102,1219,Healthy,64.6,,2019
895,103,1218,Healthy,86.7,,2019
896,104,1217,Healthy,49.3,,2019
897,105,1225,Healthy,50.2,,2019
898,107,1228,Healthy,38,,2019
899,108,1229,Some distress,55.2,,2019
900,109,1232,Healthy,48.5,,2019
901,110,1230,Healthy,41.3,,2019
902,111,1231,Healthy,43.8,,2019
903,112,607,Healthy,72.9,,2019
904,113,610,Healthy,36.4,,2019
905,114,608,Some distress,58.5,,2019
906,115,609,Some distress,40.5,,2019
907,116,612,Extreme distress,28.5,,2019
908,117,615,Healthy,12,,2019
909,118,616,Healthy,36.1,,2019
910,120,631,Healthy,28.7,,2019
911,121,630,Healthy,63.2,,2019
912,122,629,Healthy,76,,2019
913,123,628,Some distress,55.4,,2019
914,124,626,Healthy,48.7,,2019
915,125,625,Some distress,50.5,,2019
916,126,624,Some distress,48.2,,2019
917,127,618,Some distress,48.9,,2019
918,128,619,Healthy,20.2,,2019
919,129,621,Healthy,72.1,,2019
920,130,622,,0,,2019
921,131,623,Healthy,67.5,,2019
922,132,627,Some distress,62.8,,2019
923,133,634,Some distress,48,,2019
924,134,635,Healthy,47.5,,2019
925,135,636,Healthy,79.6,,2019
926,136,633,Some distress,36.4,,2019
927,137,632,Healthy,8.3,,2019
928,138,637,Healthy,90,,2019
929,139,639,Healthy,48.3,,2019
930,141,640,Healthy,76.7,,2019
931,142,641,Healthy,38.3,,2019
932,143,642,Extreme distress,28.4,,2019
933,144,643,Healthy,15.7,,2019
934,145,650,Some distress,42.8,,2019
935,146,644,Healthy,13.3,,2019
936,147,645,Healthy,39.9,,2019
937,148,648,Healthy,86.7,,2019
938,149,647,Some distress,39.4,,2019
939,150,646,Healthy,22.9,,2019
940,151,651,Healthy,48.7,,2019
941,152,688,Some distress,28.7,,2019
942,154,689,Healthy,10.6,,2019
943,155,687,Some distress,35.2,,2019
944,156,686,Healthy,41.3,,2019
945,157,684,Healthy,23,,2019
946,158,685,Healthy,37,,2019
947,159,692,Healthy,66.7,,2019
948,160,693,Some distress,79.5,,2019
949,161,691,Healthy,58.4,,2019
950,162,710,Some distress,22.7,,2019
951,163,711,Some distress,49.9,,2019
952,164,712,Some distress,66.5,,2019
953,165,720,Healthy,83.3,,2019
954,166,719,Some distress,28.1,,2019
955,167,709,Healthy,18.3,,2019
956,168,708,Healthy,28.7,,2019
957,169,704,Healthy,22.7,,2019
958,170,705,Healthy,48.1,,2019
959,171,707,Some distress,59.9,,2019
960,172,706,Healthy,82.2,,2019
961,173,717,Healthy,17.7,,2019
962,174,718,Healthy,52.4,,2019
963,175,714,Some distress,27,,2019
964,176,715,Healthy,20,,2019
965,177,718,Healthy,52.4,,2019
966,178,733,Some distress,39.2,,2019
967,179,732,Some distress,32.8,,2019
968,180,731,Some distress,34.1,,2019
969,181,730,Healthy,36.7,,2019
970,182,729,Some distress,35.2,,2019
971,183,728,Some distress,16,,2019
972,184,727,Some distress,19.7,,2019
973,185,726,Healthy,24.4,,2019
974,186,725,Healthy,34.2,,2019
975,187,724,Some distress,36.2,,2019
976,188,723,Healthy,20.4,,2019
977,189,722,Healthy,50.7,,2019
978,190,721,Some distress,46.5,,2019
979,191,694,Healthy,72.3,,2019
980,192,695,Some distress,92.5,,2019
981,193,696,Healthy,18.6,,2019
982,194,697,Healthy,12.3,,2019
983,195,699,Some distress,97.4,,2019
984,197,737,Some distress,77.2,,2019
985,198,736,Some distress,19.7,,2019
986,199,735,Some distress,77.2,,2019
987,200,734,Healthy,17.9,,2019
988,201,698,Healthy,10.9,,2019
989,202,700,Healthy,28.1,,2019
990,203,711,Some distress,49.9,,2019
991,204,702,Healthy,19.1,,2019
992,205,782,Some distress,15.7,,2019
993,206,783,Some distress,31.9,,2019
994,207,763,Healthy,9.5,,2019
995,208,789,Healthy,69,,2019
996,209,788,Extreme distress,33.1,,2019
997,210,762,Some distress,21.6,,2019
998,211,761,Some distress,23.7,,2019
999,212,785,Some distress,62.7,,2019
1000,213,775,Some distress,134.2,,2019
1001,214,774,Some distress,74.7,,2019
1002,215,772,Some distress,27.9,,2019
1003,216,777,Some distress,29.8,,2019
1004,217,771,Some distress,44.5,,2019
1005,218,780,Healthy,23.8,,2019
1006,219,779,Some distress,106,,2019
1007,220,778,Some distress,84.7,,2019
1008,221,781,Healthy,47.1,,2019
1009,222,776,Some distress,82.3,,2019
1010,223,786,Healthy,62.5,,2019
1011,224,787,Healthy,35.4,,2019
1012,225,790,Extreme distress,99.3,,2019
1013,226,760,Healthy,89.3,,2019
1014,227,791,Some distress,62.3,,2019
1015,228,792,Some distress,14.4,,2019
1016,229,793,Healthy,5.1,,2019
1017,230,796,Healthy,76,,2019
1018,231,797,Some distress,75.9,,2019
1019,232,795,Healthy,79,,2019
1020,233,794,Healthy,42.4,,2019
1021,234,813,Healthy,68.1,,2019
1022,235,812,Some distress,48.2,,2019
1023,236,993,Healthy,5,,2019
1024,237,802,Healthy,24.5,,2019
1025,238,801,Healthy,43.2,,2019
1026,239,764,Some distress,32.7,,2019
1027,240,765,Some distress,33.1,,2019
1028,241,766,Healthy,26.2,,2019
1029,242,767,Healthy,29.9,,2019
1030,243,809,Healthy,37.4,,2019
1031,244,810,Some distress,55.7,,2019
1032,245,803,Healthy,85.5,,2019
1033,246,804,Some distress,91.6,,2019
1034,247,803,Healthy,85.5,,2019
1035,248,807,Healthy,75.2,,2019
1036,249,768,Healthy,15.1,,2019
1037,250,806,Healthy,20.1,,2019
1038,251,805,Healthy,36.4,,2019
1039,252,816,Some distress,81.8,,2019
1040,253,814,Healthy,73.6,,2019
1041,254,815,Healthy,71.8,,2019
1042,255,820,Healthy,26.3,,2019
1043,256,817,Healthy,40.4,,2019
1044,257,992,Healthy,64.3,,2019
1045,258,991,Healthy,99.1,,2019
1046,259,854,Healthy,110.8,,2019
1047,260,846,Healthy,25.8,,2019
1048,261,845,Healthy,63.4,,2019
1049,262,847,Healthy,20.1,,2019
1050,263,844,Some distress,81,,2019
1051,264,843,Healthy,37.1,,2019
1052,265,851,Some distress,25.2,,2019
1053,266,850,Some distress,94.5,,2019
1054,267,849,Healthy,99.1,,2019
1055,268,848,Healthy,34.9,,2019
1056,270,308,Some distress,65.4,,2019
1057,271,307,Some distress,145.7,,2019
1058,272,306,Some distress,63.4,,2019
1059,273,305,Some distress,38.5,,2019
1060,274,304,Healthy,50.8,,2019
1061,275,303,Some distress,61.2,,2019
1062,276,302,Healthy,52.5,,2019
1063,277,301,Some distress,27.6,,2019
1064,278,300,Some distress,14.2,,2019
1065,279,299,Some distress,37,,2019
1066,280,290,Extreme distress,25.1,,2019
1067,281,291,Extreme distress,66.6,,2019
1068,283,288,Healthy,34,,2019
1069,284,292,Some distress,24.3,,2019
1070,285,285,Healthy,56.8,,2019
1071,286,284,Healthy,55.9,,2019
1072,287,286,Healthy,20.5,,2019
1073,288,287,Healthy,19.4,,2019
1074,289,294,Some distress,62.7,,2019
1075,290,293,Extreme distress,21.9,,2019
1076,291,281,Extreme distress,21.7,,2019
1077,292,290,Extreme distress,25.1,,2019
1078,293,279,Some distress,22,,2019
1079,294,283,Healthy,44.1,,2019
1080,295,282,Healthy,70.1,,2019
1081,296,278,Healthy,66.4,,2019
1082,297,276,Healthy,14.2,,2019
1083,298,269,Healthy,23.2,,2019
1084,299,270,Extreme distress,19.8,,2019
1085,300,277,Healthy,14.8,,2019
1086,301,271,Healthy,69,,2019
1087,302,272,Some distress,32.6,,2019
1088,303,273,Some distress,25.8,,2019
1089,304,274,Healthy,29.1,,2019
1090,305,275,Healthy,28.5,,2019
1091,306,268,Some distress,57.4,,2019
1092,307,267,Healthy,61,,2019
1093,308,266,Some distress,43.6,,2019
1094,309,264,Some distress,114.2,,2019
1095,310,263,Healthy,39.2,,2019
1096,311,265,Healthy,71.3,,2019
1097,312,262,Healthy,58.2,,2019
1098,313,261,Healthy,64.8,,2019
1099,315,350,Healthy,25.6,,2019
1100,316,348,Healthy,13,,2019
1101,317,351,Healthy,56.4,,2019
1102,318,349,Extreme distress,70.9,,2019
1103,319,259,Healthy,63.5,,2019
1104,320,258,Healthy,34.1,,2019
1105,321,257,Healthy,28.9,,2019
1106,322,256,Some distress,22.7,,2019
1107,323,255,Healthy,91.1,,2019
1108,324,254,Some distress,22.4,,2019
1109,325,251,Healthy,34.6,,2019
1110,326,250,Some distress,52,,2019
1111,327,249,Healthy,48.5,,2019
1112,328,248,Healthy,51.2,,2019
1113,329,247,Healthy,30.6,,2019
1114,330,253,Healthy,36.8,,2019
1115,331,252,Healthy,64.1,,2019
1116,332,244,Healthy,37.4,,2019
1117,333,245,Healthy,90.9,,2019
1118,334,246,Healthy,63.5,,2019
1119,335,352,Healthy,28.6,,2019
1120,336,346,Some distress,60.5,,2019
1121,337,345,Some distress,60,,2019
1122,338,343,Some distress,66.6,,2019
1123,339,342,Healthy,45.3,,2019
1124,340,1020,Healthy,6,,2019
1125,341,1021,Healthy,27.1,,2019
1126,342,1022,Healthy,38.7,,2019
1127,343,1023,Healthy,7.1,,2019
1128,344,1066,Healthy,9.9,,2019
1129,345,1065,Healthy,10.4,,2019
1130,346,1064,Healthy,8.8,,2019
1131,347,1063,Healthy,17,,2019
1132,348,1062,Healthy,8.2,,2019
1133,349,1061,Healthy,12.5,,2019
1134,350,1060,Healthy,20.1,,2019
1135,351,1059,Healthy,11.3,,2019
1136,352,1058,Healthy,7.9,,2019
1137,353,1057,Healthy,8.5,,2019
1138,354,1056,Healthy,9,,2019
1139,355,1055,Healthy,14,,2019
1140,356,1054,Healthy,8.6,,2019
1141,357,1037,Healthy,12.2,,2019
1142,358,1038,Healthy,13,,2019
1143,359,1039,Healthy,13.7,,2019
1144,360,1040,Healthy,11.3,,2019
1145,361,1041,Healthy,9.6,,2019
1146,362,1042,Healthy,13,,2019
1147,363,1043,Healthy,16,,2019
1148,364,1044,Healthy,12.3,,2019
1149,365,1045,Healthy,13.9,,2019
1150,366,1046,Healthy,13.8,,2019
1151,367,1047,Healthy,8.2,,2019
1152,368,1048,Healthy,10.4,,2019
1153,369,1049,Healthy,14.6,,2019
1154,370,1050,Healthy,11.9,,2019
1155,371,1051,Healthy,13.5,,2019
1156,372,1052,Healthy,19.1,,2019
1157,373,1053,Healthy,18.6,,2019
1158,374,1036,Healthy,19.8,,2019
1159,375,1034,Healthy,10.2,,2019
1160,376,1033,Healthy,13,,2019
1161,377,1025,Healthy,42.9,,2019
1162,378,1032,Healthy,12.9,,2019
1163,379,1031,Healthy,17.2,,2019
1164,380,1030,Healthy,19.5,,2019
1165,381,1029,Healthy,12.8,,2019
1166,382,1028,Healthy,16.4,,2019
1167,383,1027,Healthy,13.7,,2019
1168,384,1026,Healthy,20,,2019
1169,385,382,Healthy,23.5,,2019
1170,386,383,Healthy,50,,2019
1171,387,1069,Healthy,7.4,,2019
1172,388,1068,Healthy,5.1,,2019
1173,389,1067,Healthy,9.7,,2019
1174,390,384,Some distress,39.6,,2019
1175,391,381,Healthy,63.6,,2019
1176,392,380,Some distress,44.5,,2019
1177,393,379,Healthy,54.8,,2019
1178,394,378,Some distress,83,,2019
1179,395,546,Healthy,34.3,,2019
1180,396,545,Healthy,14.7,,2019
1181,397,543,Some distress,23.6,,2019
1182,398,542,Healthy,37.2,,2019
1183,399,537,Healthy,16.6,,2019
1184,400,538,Healthy,37.9,,2019
1185,401,539,Healthy,59.6,,2019
1186,402,342,Healthy,45.3,,2019
1187,403,531,Healthy,7.5,,2019
1188,404,549,Healthy,70.6,,2019
1189,405,536,Healthy,6.8,,2019
1190,406,535,Healthy,6.6,,2019
1191,407,534,Healthy,3.9,,2019
1192,408,528,Healthy,6.2,,2019
1193,409,527,Healthy,9.8,,2019
1194,410,523,Healthy,25.7,,2019
1195,412,526,Healthy,11.4,,2019
1196,413,529,Healthy,9.4,,2019
1197,414,533,Healthy,6.7,,2019
1198,415,530,Healthy,13.2,,2019
1199,416,583,Healthy,54.5,,2019
1200,419,546,Healthy,34.3,,2019
1201,420,590,Extreme distress,16.4,,2019
1202,421,597,Healthy,19.1,,2019
1203,422,598,Healthy,43.2,,2019
1204,423,599,Healthy,24.2,,2019
1205,424,582,Healthy,33.5,,2019
1206,425,600,Healthy,60.6,,2019
1207,426,602,Healthy,56.5,,2019
1208,427,581,Healthy,51.3,,2019
1209,428,614,Healthy,76.8,,2019
1210,429,613,Extreme distress,21.1,,2019
1211,430,611,Healthy,6.2,,2019
1212,431,605,Healthy,34.5,,2019
1213,432,596,Some distress,66.2,,2019
1214,433,604,Healthy,19.1,,2019
1215,434,603,Healthy,21.2,,2019
1216,435,595,Healthy,29.9,,2019
1217,436,594,Healthy,20.7,,2019
1218,437,593,Some distress,35.8,,2019
1219,438,592,Healthy,13.9,,2019
1220,439,587,Healthy,37.6,,2019
1221,440,588,Some distress,52.7,,2019
1222,441,589,Healthy,43.9,,2019
1223,442,683,Healthy,72.5,,2019
1224,443,680,Some distress,22.4,,2019
1225,444,679,Some distress,9.3,,2019
1226,445,681,Some distress,10.7,,2019
1227,446,682,Some distress,10.3,,2019
1228,447,676,Some distress,14.8,,2019
1229,448,677,Some distress,45.6,,2019
1230,449,676,Some distress,14.8,,2019
1231,450,673,Healthy,10.4,,2019
1232,451,674,Some distress,29.9,,2019
1233,452,673,Healthy,10.4,,2019
1234,453,672,Healthy,11.2,,2019
1235,454,1255,Healthy,27.2,,2019
1236,455,1260,Healthy,51.5,,2019
1237,456,1262,Healthy,7.4,,2019
1238,457,1263,Healthy,35.7,,2019
1239,458,1264,Healthy,7,,2019
1240,459,1280,Healthy,32.5,,2019
1241,461,1246,Healthy,19.1,,2019
1242,462,1245,Some distress,49.5,,2019
1243,463,1244,Healthy,51.3,,2019
1244,464,1243,Healthy,41.5,,2019
1245,465,1274,Healthy,38.3,,2019
1246,466,1273,Healthy,44.5,,2019
1247,467,1276,Some distress,87.4,,2019
1248,468,1275,Healthy,93,,2019
1249,469,1287,Some distress,18.3,,2019
1250,470,1286,Healthy,25.3,,2019
1251,471,1284,Healthy,29.2,,2019
1252,472,1285,Healthy,60.6,,2019
1253,473,1283,Healthy,40.6,,2019
1254,474,1282,Healthy,57.2,,2019
1255,475,1279,Healthy,109.8,,2019
1256,477,1266,Some distress,56.7,,2019
1257,478,1267,Some distress,21.5,,2019
1258,479,1269,Healthy,39.6,,2019
1259,480,1268,Some distress,34.1,,2019
1260,481,1270,Healthy,46.1,,2019
1261,482,1271,Healthy,44.5,,2019
1262,483,1272,Some distress,49.7,,2019
1263,486,1300,Healthy,37,,2019
1264,487,1297,Healthy,16,,2019
1265,488,1296,Healthy,4.8,,2019
1266,489,1337,Healthy,72.6,,2019
1267,490,1336,Healthy,53.1,,2019
1268,491,1334,Extreme distress,11.5,,2019
1269,492,1333,Some distress,7.4,,2019
1270,493,1332,Extreme distress,13,,2019
1271,494,1331,Some distress,14,,2019
1272,495,1330,Healthy,16.3,,2019
1273,496,1329,Healthy,13.8,,2019
1274,497,1328,Healthy,17,,2019
1275,499,1323,Healthy,33.5,,2019
1276,500,1326,Healthy,14,,2019
1277,501,1322,Healthy,51.3,,2019
1278,502,1321,Healthy,48.8,,2019
1279,503,1324,Healthy,13,,2019
1280,504,1320,Healthy,40.9,,2019
1281,505,1319,Healthy,12.5,,2019
1282,506,1317,Healthy,53.7,,2019
1283,507,1316,Healthy,55.8,,2019
1284,509,1314,Healthy,15.9,,2019
1285,510,1313,Healthy,12.3,,2019
1286,511,1312,Healthy,17.5,,2019
1287,512,1311,Healthy,14.5,,2019
1288,515,1341,Healthy,37.4,,2019
1289,516,1342,Healthy,32,,2019
1290,517,1343,Healthy,44.1,,2019
1291,519,1345,Healthy,21.6,,2019
1292,522,836,Healthy,31,,2019
1293,523,835,Some distress,24,,2019
1294,524,834,Healthy,21.4,,2019
1295,525,832,Some distress,30.1,,2019
1296,526,831,Some distress,40.6,,2019
1297,528,830,Healthy,37.3,,2019
1298,529,829,Some distress,40.6,,2019
1299,530,828,Some distress,42.2,,2019
1300,531,827,Healthy,73.3,,2019
1301,532,825,Healthy,20.1,,2019
1302,533,823,Healthy,19,,2019
1303,534,822,Some distress,53.2,,2019
1304,535,755,Healthy,34.6,,2019
1305,536,754,Some distress,79.4,,2019
1306,537,750,Some distress,83.2,,2019
1307,538,749,Some distress,67.6,,2019
1308,539,747,Healthy,12.4,,2019
1309,540,746,Healthy,9.8,,2019
1310,541,744,Healthy,8.9,,2019
1311,542,745,Healthy,21.1,,2019
1312,543,743,Healthy,13.5,,2019
1313,544,742,Healthy,8.3,,2019
1314,545,741,Some distress,29.9,,2019
1315,546,740,Healthy,16.6,,2019
1316,547,739,Some distress,18.2,,2019
1317,548,752,Healthy,68.7,,2019
1318,549,751,Some distress,65.2,,2019
1319,550,753,Some distress,80.9,,2019
1320,552,2,Healthy,73.5,,2019
1321,553,4,Healthy,12.2,,2019
1322,555,6,Healthy,7,,2019
1323,556,7,Healthy,7.7,,2019
1324,557,10,Healthy,11.1,,2019
1325,558,9,Healthy,42,,2019
1326,559,8,Healthy,40.2,,2019
1327,560,21,Healthy,4.6,,2019
1328,561,20,Extreme distress,29.6,,2019
1329,562,13,Healthy,9.2,,2019
1330,563,11,Healthy,14.3,,2019
1331,564,12,Healthy,5.4,,2019
1332,565,14,Healthy,21.9,,2019
1333,566,19,Healthy,29.9,,2019
1334,567,16,Healthy,24.3,,2019
1335,568,17,Healthy,20.8,,2019
1336,569,322,Healthy,38.3,,2019
1337,570,324,Healthy,11.3,,2019
1338,571,323,Healthy,23.7,,2019
1339,572,325,Healthy,20.4,,2019
1340,573,18,Healthy,13.1,,2019
1341,574,40,Healthy,7.5,,2019
1342,575,41,Healthy,7.4,,2019
1343,577,68,Healthy,22.7,,2019
1344,578,67,Healthy,55.7,,2019
1345,579,66,Healthy,8.3,,2019
1346,581,65,Extreme distress,52.3,,2019
1347,582,64,Healthy,7.8,,2019
1348,583,70,Healthy,7.6,,2019
1349,585,327,Some distress,50.6,,2019
1350,586,328,Healthy,12.9,,2019
1351,587,72,Healthy,48.1,,2019
1352,588,97,Healthy,40.7,,2019
1353,589,63,Healthy,4.7,,2019
1354,590,62,Healthy,38.3,,2019
1355,591,61,Healthy,13.4,,2019
1356,592,60,Healthy,34.4,,2019
1357,593,59,Healthy,9.8,,2019
1358,594,48,Healthy,6.5,,2019
1359,595,49,Healthy,17.8,,2019
1360,596,47,Healthy,47.9,,2019
1361,597,35,Healthy,11.4,,2019
1362,598,27,Healthy,52.7,,2019
1363,599,25,Healthy,47.7,,2019
1364,600,24,Healthy,5.5,,2019
1365,601,23,Some distress,7.9,,2019
1366,602,22,Healthy,8.9,,2019
1367,603,26,Healthy,10.8,,2019
1368,604,56,Healthy,9.3,,2019
1369,605,57,Healthy,14.2,,2019
1370,606,78,Healthy,7.9,,2019
1371,607,79,Healthy,6.4,,2019
1372,608,77,Healthy,6.9,,2019
1373,609,76,Healthy,9.1,,2019
1374,610,75,Healthy,6.3,,2019
1375,611,96,Healthy,7.1,,2019
1376,612,95,Healthy,14.4,,2019
1377,613,99,Healthy,9.7,,2019
1378,614,98,Healthy,13.2,,2019
1379,615,329,Healthy,70.5,,2019
1380,616,101,Healthy,38.9,,2019
1381,617,102,Healthy,28.7,,2019
1382,618,100,Healthy,10.5,,2019
1383,619,103,Healthy,34.6,,2019
1384,620,110,Healthy,25.5,,2019
1385,621,109,Healthy,15.9,,2019
1386,622,108,Healthy,4.5,,2019
1387,623,107,Healthy,10.1,,2019
1388,624,105,Healthy,22.8,,2019
1389,625,104,Healthy,10.9,,2019
1390,626,332,Healthy,37.9,,2019
1391,627,295,Healthy,30.5,,2019
1392,628,331,Healthy,24.5,,2019
1393,629,330,Some distress,30,,2019
1394,630,125,Healthy,49.2,,2019
1395,633,334,Some distress,26.9,,2019
1396,634,127,Healthy,45,,2019
1397,635,126,Healthy,9.7,,2019
1398,636,137,Healthy,66.5,,2019
1399,637,136,Healthy,20.3,,2019
1400,638,138,Healthy,6.2,,2019
1401,639,139,Healthy,5.8,,2019
1402,640,140,Healthy,8.5,,2019
1403,641,141,Healthy,8.1,,2019
1404,642,142,Healthy,6.8,,2019
1405,643,143,Healthy,25.3,,2019
1406,644,144,Healthy,31.2,,2019
1407,645,154,Healthy,16.8,,2019
1408,646,153,Healthy,40.8,,2019
1409,647,155,Healthy,20.1,,2019
1410,648,156,Healthy,15.5,,2019
1411,649,159,Healthy,25.9,,2019
1412,650,160,Healthy,10.6,,2019
1413,651,161,Healthy,43.3,,2019
1414,652,166,Healthy,13.7,,2019
1415,653,165,Healthy,15.8,,2019
1416,654,164,Healthy,54,,2019
1417,655,162,Healthy,7.1,,2019
1418,656,163,Healthy,7.9,,2019
1419,657,168,Healthy,24.8,,2019
1420,658,171,Healthy,10.3,,2019
1421,659,170,Healthy,30.7,,2019
1422,660,169,Healthy,57.4,,2019
1423,661,175,Healthy,7.9,,2019
1424,662,1335,Healthy,48.4,,2019
1425,663,205,Healthy,42.1,,2019
1426,664,202,Healthy,62.9,,2019
1427,665,238,Healthy,28.6,,2019
1428,666,201,Healthy,14,,2019
1429,667,237,Healthy,8.2,,2019
1430,668,23,Some distress,7.9,,2019
1431,669,239,Healthy,32.5,,2019
1432,670,240,Healthy,65.5,,2019
1433,671,241,Healthy,45.6,,2019
1434,672,242,Healthy,42.1,,2019
1435,673,243,Healthy,38.6,,2019
1436,674,81,Healthy,73.4,,2019
1437,675,82,Healthy,4.8,,2019
1438,676,83,Healthy,4.5,,2019
1439,677,84,Healthy,5.4,,2019
1440,678,85,Healthy,47.6,,2019
1441,679,86,Healthy,8.8,,2019
1442,680,88,Healthy,22.4,,2019
1443,681,87,Healthy,20,,2019
1444,682,91,Healthy,70.4,,2019
1445,683,92,Healthy,6.8,,2019
1446,684,58,Healthy,58,,2019
1447,685,44,Healthy,103.3,,2019
1448,686,15,Healthy,74.4,,2019
1449,687,39,Healthy,60.4,,2019
1450,688,43,Healthy,11.5,,2019
1451,689,37,Healthy,19.4,,2019
1452,690,36,Healthy,10.7,,2019
1453,691,38,Healthy,25.9,,2019
1454,692,46,Healthy,4.5,,2019
1455,693,45,Healthy,37.1,,2019
1456,694,177,Healthy,53.5,,2019
1457,695,198,Healthy,12.9,,2019
1458,696,197,Healthy,43.5,,2019
1459,698,172,Healthy,8,,2019
1460,699,191,Healthy,53.1,,2019
1461,700,115,Healthy,9,,2019
1462,701,116,Healthy,43.5,,2019
1463,702,117,Healthy,24.3,,2019
1464,703,118,Healthy,9.9,,2019
1465,704,119,Healthy,0.9,,2019
1466,705,120,Healthy,31.6,,2019
1467,706,122,Healthy,19.9,,2019
1468,707,123,Healthy,25.3,,2019
1469,708,124,Healthy,10.4,,2019
1470,709,124,Healthy,10.4,,2019
1471,710,128,Healthy,50.7,,2019
1472,711,129,Healthy,23.4,,2019
1473,712,133,Healthy,75.2,,2019
1474,713,130,Healthy,13.8,,2019
1475,714,131,Healthy,10.3,,2019
1476,715,132,Healthy,16.9,,2019
1477,716,152,Extreme distress,20.1,,2019
1478,717,320,Healthy,30.6,,2019
1479,718,319,Healthy,30.4,,2019
1480,719,318,Healthy,43.3,,2019
1481,720,509,Healthy,22.3,,2019
1482,721,508,Healthy,67.7,,2019
1483,722,507,Healthy,35.3,,2019
1484,723,506,Healthy,44.4,,2019
1485,724,505,Healthy,36.5,,2019
1486,725,504,Healthy,78.1,,2019
1487,726,503,Healthy,43.9,,2019
1488,727,502,Healthy,65,,2019
1489,728,501,Healthy,30.5,,2019
1490,729,513,Healthy,46.5,,2019
1491,730,512,Healthy,41.8,,2019
1492,731,510,Healthy,33.6,,2019
1493,732,511,Healthy,56.5,,2019
1494,733,514,Healthy,36.9,,2019
1495,734,515,Healthy,28.3,,2019
1496,735,516,Healthy,23.6,,2019
1497,736,517,Healthy,27.8,,2019
1498,737,518,Healthy,29.3,,2019
1499,738,579,Healthy,68.9,,2019
1500,739,578,Healthy,47.9,,2019
1501,740,575,Healthy,59.5,,2019
1502,741,573,Healthy,89.3,,2019
1503,742,580,Some distress,29.7,,2019
1504,743,519,Healthy,29.2,,2019
1505,744,520,Some distress,28,,2019
1506,745,521,Healthy,20.5,,2019
1507,746,522,Healthy,21.1,,2019
1508,747,523,Healthy,25.7,,2019
1509,748,525,Healthy,53.5,,2019
1510,749,577,Healthy,60.4,,2019
1511,750,576,Healthy,17.2,,2019
1512,751,574,Healthy,68.1,,2019
1513,752,572,Healthy,51.4,,2019
1514,753,571,Healthy,76.1,,2019
1515,754,570,Healthy,61,,2019
1516,755,589,Healthy,43.9,,2019
1517,756,568,Healthy,77.1,,2019
1518,757,567,Healthy,34.5,,2019
1519,758,566,Some distress,74.7,,2019
1520,759,560,Some distress,57,,2019
1521,760,559,Healthy,65.3,,2019
1522,761,558,Healthy,36.3,,2019
1523,762,557,Healthy,22.4,,2019
1524,763,564,Extreme distress,29.5,,2019
1525,764,561,Healthy,38.7,,2019
1526,765,562,Healthy,26.2,,2019
1527,766,554,Healthy,85.7,,2019
1528,767,555,Healthy,23.5,,2019
1529,768,556,Some distress,67.5,,2019
1530,769,551,Healthy,43.5,,2019
1531,770,548,Healthy,16.7,,2019
1532,771,553,Healthy,44.1,,2019
1533,772,552,Healthy,27.1,,2019
1534,773,547,Healthy,49.5,,2019
1535,774,1184,Healthy,8.2,,2019
1536,775,1183,Some distress,65.2,,2019
1537,776,1238,Healthy,101,,2019
1538,777,1239,Healthy,64.7,,2019
1539,778,1182,Some distress,71.9,,2019
1540,779,1184,Healthy,8.2,,2019
1541,780,1180,Some distress,70,,2019
1542,781,1179,Extreme distress,70.5,,2019
1543,782,1178,Some distress,70.3,,2019
1544,783,1177,Some distress,70.8,,2019
1545,784,1256,Healthy,27.3,,2019
1546,785,1251,Some distress,64.8,,2019
1547,786,1250,Some distress,82.2,,2019
1548,787,1249,Some distress,59.9,,2019
1549,788,1248,Some distress,63.7,,2019
1550,789,1242,Healthy,40.5,,2019
1551,798,1289,Healthy,9.2,,2019
1552,799,1290,Healthy,15.4,,2019
1553,801,1292,Healthy,33.5,,2019
