GPS_ID,Tag_Number,Max_PDOP,Corr_Type,GPS_Date,GPS_Time,Unfilt_Pos,Filt_Pos,Std_Dev,Point_ID
0,1070,2.4,Uncorrected,9/28/2022,10:50:51am,31,31,0.206596,1
1,1071,2.2,Real-time SBAS Corrected,9/28/2022,10:52:16am,12,12,0.67048,2
2,1072,1.5,Real-time SBAS Corrected,9/28/2022,10:54:04am,18,18,0.262271,3
3,1073,1.3,Real-time SBAS Corrected,9/28/2022,10:56:21am,12,12,0.337581,4
4,1086,2.1,Real-time SBAS Corrected,9/28/2022,11:00:12am,41,41,0.797988,5
5,1090,2,Real-time SBAS Corrected,9/28/2022,11:03:42am,39,39,0.353004,6
6,1092,1.8,Real-time SBAS Corrected,9/28/2022,11:06:46am,30,30,0.074067,7
7,1093,1.7,Real-time SBAS Corrected,9/28/2022,11:09:29am,46,46,0.719489,8
8,1094,3.3,Real-time SBAS Corrected,9/28/2022,11:12:48am,44,44,1.03743,9
9,1095,1.3,Real-time SBAS Corrected,9/28/2022,11:16:20am,18,18,0.266652,10
10,1096,1.4,Real-time SBAS Corrected,9/28/2022,11:18:23am,19,19,0.301117,11
11,1135,1.4,Real-time SBAS Corrected,9/28/2022,11:22:36am,17,17,0.449951,12
12,9999,1.5,Real-time SBAS Corrected,9/28/2022,11:25:10am,17,17,0.324687,13
13,9999,1.2,Real-time SBAS Corrected,9/28/2022,11:27:25am,17,17,0.736489,14
14,1097,1.3,Uncorrected,9/28/2022,11:29:36am,14,14,0.492826,15
15,1099,1.1,Real-time SBAS Corrected,9/28/2022,11:31:08am,28,28,0.223669,16
16,1098,1.6,Real-time SBAS Corrected,9/28/2022,11:34:07am,25,25,0.581243,17
17,1100,1.3,Real-time SBAS Corrected,9/28/2022,11:36:58am,33,33,0.482405,18
18,1101,1.5,Real-time SBAS Corrected,9/28/2022,11:39:17am,24,24,0.426013,19
19,1134,3.3,Real-time SBAS Corrected,9/28/2022,11:41:38am,27,27,1.426646,20
20,1127,1.4,Real-time SBAS Corrected,9/28/2022,11:44:13am,10,10,0.127048,21
21,1126,1.3,Real-time SBAS Corrected,9/28/2022,11:47:21am,17,17,0.518679,22
22,1133,1.1,Real-time SBAS Corrected,9/28/2022,11:49:35am,22,22,0.547128,23
23,1131,1.6,Real-time SBAS Corrected,9/28/2022,11:52:33am,14,14,0.608347,24
24,1132,1.1,Real-time SBAS Corrected,9/28/2022,11:55:10am,12,12,0.743563,25
25,1130,1.3,Real-time SBAS Corrected,9/28/2022,11:57:14am,15,15,0.149338,26
26,1085,1.8,Uncorrected,9/23/2022,12:55:21pm,14,14,0.207174,1
27,1084,1.4,Real-time SBAS Corrected,9/23/2022,01:00:08pm,19,19,0.719921,2
28,1083,1.3,Real-time SBAS Corrected,9/23/2022,01:06:36pm,33,33,0.482651,3
29,1080,1.3,Real-time SBAS Corrected,9/23/2022,01:08:52pm,25,25,0.38703,4
30,1081,1.2,Real-time SBAS Corrected,9/23/2022,01:10:26pm,23,23,0.597605,5
31,1079,1.1,Real-time SBAS Corrected,9/23/2022,01:11:52pm,11,11,0.324718,6
32,1082,1.2,Real-time SBAS Corrected,9/23/2022,01:12:57pm,10,10,0.397424,7
33,1078,1.1,Real-time SBAS Corrected,9/23/2022,01:13:54pm,13,13,0.583209,8
34,1077,1.3,Real-time SBAS Corrected,9/23/2022,01:15:08pm,19,19,0.945573,9
35,1076,1.2,Real-time SBAS Corrected,9/23/2022,01:16:32pm,17,17,0.435705,10
36,1075,1.1,Real-time SBAS Corrected,9/23/2022,01:17:47pm,10,10,0.342387,11
37,1002,1.2,Real-time SBAS Corrected,9/23/2022,01:20:00pm,10,10,0.553643,12
38,1001,2.3,Real-time SBAS Corrected,9/23/2022,01:21:10pm,25,25,0.827025,13
39,1003,1.3,Real-time SBAS Corrected,9/23/2022,01:22:49pm,11,11,0.277631,14
40,1004,1.4,Real-time SBAS Corrected,9/23/2022,01:23:43pm,15,15,0.464292,15
41,1005,1.3,Real-time SBAS Corrected,9/23/2022,01:24:58pm,10,10,0.228223,16
42,1006,1.2,Real-time SBAS Corrected,9/23/2022,01:25:48pm,13,13,0.48634,17
43,1007,2.2,Real-time SBAS Corrected,9/23/2022,01:30:08pm,18,18,1.189426,18
44,1008,2.1,Real-time SBAS Corrected,9/23/2022,01:31:52pm,68,68,0.857627,19
45,1011,2.1,Real-time SBAS Corrected,9/23/2022,01:41:16pm,18,18,0.927124,20
46,1012,2.8,Real-time SBAS Corrected,9/23/2022,01:43:31pm,13,13,1.42382,21
47,1013,1.6,Real-time SBAS Corrected,9/23/2022,01:45:26pm,11,11,0.320419,22
48,1014,2.1,Uncorrected,9/23/2022,01:48:11pm,70,70,1.44752,23
49,1019,1.3,Uncorrected,9/23/2022,01:57:27pm,21,21,1.090368,24
50,9999,1.1,Real-time SBAS Corrected,10/20/2022,04:37:12pm,40,40,1.053492,1
51,376,1.3,Real-time SBAS Corrected,10/20/2022,04:40:08pm,20,20,1.177197,2
52,375,1.1,Real-time SBAS Corrected,10/20/2022,04:42:45pm,13,13,1.18148,3
53,385,1.4,Real-time SBAS Corrected,10/20/2022,04:44:40pm,17,17,0.759953,4
54,388,1,Real-time SBAS Corrected,10/20/2022,04:46:43pm,10,10,0.374034,5
55,388,1.1,Real-time SBAS Corrected,10/20/2022,04:48:11pm,8,8,0.288316,6
56,389,1.1,Real-time SBAS Corrected,10/20/2022,04:50:15pm,15,15,0.554828,7
57,387,1.1,Real-time SBAS Corrected,10/20/2022,04:52:15pm,34,34,2.210633,8
58,390,1,Real-time SBAS Corrected,10/20/2022,04:54:57pm,12,12,0.670408,9
59,360,1.2,Real-time SBAS Corrected,10/20/2022,04:56:50pm,15,15,0.315877,10
60,357,1.4,Real-time SBAS Corrected,10/20/2022,04:58:27pm,15,15,0.680322,11
61,356,1.5,Real-time SBAS Corrected,10/20/2022,04:59:46pm,27,27,1.07498,12
62,355,1.1,Real-time SBAS Corrected,10/20/2022,05:02:41pm,10,10,0.190987,13
63,354,1,Real-time SBAS Corrected,10/20/2022,05:03:58pm,15,15,0.350282,14
64,353,1.2,Real-time SBAS Corrected,10/20/2022,05:05:07pm,11,11,0.227343,15
65,1141,1.8,Real-time SBAS Corrected,10/20/2022,05:06:41pm,13,13,0.530058,16
66,1142,1.3,Real-time SBAS Corrected,10/20/2022,05:08:45pm,11,11,0.192578,17
67,1143,2.2,Uncorrected,10/20/2022,05:10:32pm,34,34,1.004296,18
68,1144,1.5,Uncorrected,10/20/2022,05:12:54pm,43,43,1.29359,19
69,1145,1.3,Uncorrected,10/20/2022,05:15:28pm,34,34,1.01461,20
70,1148,1.5,Uncorrected,10/20/2022,05:18:15pm,30,30,1.994648,21
71,1147,1.6,Uncorrected,10/20/2022,05:20:06pm,48,48,1.962979,22
72,1148,1.8,Uncorrected,10/20/2022,05:23:18pm,50,50,1.138065,23
73,1149,1.4,Uncorrected,10/20/2022,05:26:18pm,14,14,0.408767,24
74,1151,1.2,Real-time SBAS Corrected,10/20/2022,05:27:58pm,17,17,0.480567,25
75,1152,1.5,Real-time SBAS Corrected,10/20/2022,05:29:51pm,15,15,0.55872,26
76,9999,1.5,Real-time SBAS Corrected,10/20/2022,05:30:49pm,15,15,0.148758,27
77,9999,1.2,Real-time SBAS Corrected,10/20/2022,05:31:52pm,11,11,0.192915,28
78,1173,1.5,Real-time SBAS Corrected,10/20/2022,05:32:53pm,18,18,0.591722,29
79,1172,1.1,Real-time SBAS Corrected,10/20/2022,05:34:29pm,11,11,0.368359,30
80,1104,1.7,Real-time SBAS Corrected,10/1/2022,10:14:27am,16,16,1.575357,1
81,1105,3.1,Real-time SBAS Corrected,10/1/2022,10:16:08am,11,11,0.548539,2
82,1106,1.7,Real-time SBAS Corrected,10/1/2022,10:17:53am,12,12,0.102682,3
83,1107,2.4,Real-time SBAS Corrected,10/1/2022,10:18:53am,29,29,0.575617,4
84,1115,2.2,Real-time SBAS Corrected,10/1/2022,10:22:20am,13,13,1.353209,5
85,1120,1.3,Real-time SBAS Corrected,10/1/2022,10:24:31am,11,11,0.484165,6
86,1121,1.2,Real-time SBAS Corrected,10/1/2022,10:26:57am,12,12,1.574447,7
87,1122,1.4,Real-time SBAS Corrected,10/1/2022,10:29:59am,11,11,3.276299,8
88,1123,1.7,Real-time SBAS Corrected,10/1/2022,10:33:27am,11,11,0.535307,9
89,1125,1.2,Real-time SBAS Corrected,10/1/2022,10:35:29am,11,11,0.155357,10
90,1119,1.5,Uncorrected,10/1/2022,10:38:18am,25,25,0.337092,11
91,1118,1.2,Real-time SBAS Corrected,10/1/2022,10:41:03am,12,12,0.402922,12
92,1117,1.2,Real-time SBAS Corrected,10/1/2022,10:42:59am,12,12,0.550395,13
93,1124,1.2,Real-time SBAS Corrected,10/1/2022,10:45:14am,11,11,0.246465,14
94,1224,1.2,Real-time SBAS Corrected,10/1/2022,10:49:18am,11,11,0.210393,15
95,1190,1.2,Real-time SBAS Corrected,10/1/2022,10:52:14am,10,10,0.328177,16
96,9999,1.1,Real-time SBAS Corrected,10/1/2022,10:55:21am,13,13,0.393962,17
97,9999,1.2,Real-time SBAS Corrected,10/1/2022,11:03:49am,25,25,0.31718,18
98,9999,1.2,Real-time SBAS Corrected,10/1/2022,11:06:59am,18,18,0.424704,19
99,9999,1.3,Real-time SBAS Corrected,10/1/2022,11:10:15am,34,34,0.607423,20
100,9999,1.7,Real-time SBAS Corrected,10/1/2022,11:18:26am,28,28,0.495869,21
101,1196,1.5,Uncorrected,10/1/2022,11:22:16am,54,54,2.211139,22
102,1219,1.2,Real-time SBAS Corrected,10/1/2022,11:27:55am,26,26,1.068282,23
103,1218,1.1,Real-time SBAS Corrected,10/1/2022,11:30:14am,11,11,0.504314,24
104,1217,1.4,Real-time SBAS Corrected,10/1/2022,11:35:50am,10,10,0.98105,25
105,1225,1.3,Real-time SBAS Corrected,10/1/2022,11:37:30am,14,14,0.23706,26
106,9999,1.5,Real-time SBAS Corrected,10/1/2022,11:39:47am,30,30,0.288369,27
107,1228,1.1,Real-time SBAS Corrected,10/1/2022,11:42:50am,10,10,0.143606,28
108,1229,1.7,Real-time SBAS Corrected,10/1/2022,11:43:59am,22,22,0.39016,29
109,1232,1.3,Real-time SBAS Corrected,10/1/2022,11:47:22am,12,12,0.61377,30
110,1230,1.5,Real-time SBAS Corrected,10/1/2022,11:48:59am,11,11,0.291291,31
111,1231,1.1,Real-time SBAS Corrected,10/1/2022,11:50:35am,26,26,0.318736,32
112,607,3,Real-time SBAS Corrected,11/2/2022,02:49:31pm,12,12,0.610577,1
113,610,2.1,Real-time SBAS Corrected,11/2/2022,02:50:51pm,14,14,0.630541,2
114,608,2.3,Real-time SBAS Corrected,11/2/2022,02:52:28pm,14,14,1.098681,3
115,609,6.8,Real-time SBAS Corrected,11/2/2022,02:53:48pm,11,11,1.864574,4
116,612,1.7,Real-time SBAS Corrected,11/2/2022,02:55:06pm,11,11,0.699371,5
117,615,1.3,Uncorrected,11/2/2022,02:56:44pm,32,32,0.602462,6
118,616,1.3,Uncorrected,11/2/2022,02:59:04pm,12,12,0.742992,7
119,617,1.9,Uncorrected,11/2/2022,03:00:31pm,70,70,2.466865,8
120,631,1.3,Real-time SBAS Corrected,11/2/2022,03:05:30pm,12,12,0.374335,9
121,630,1.3,Real-time SBAS Corrected,11/2/2022,03:06:36pm,12,12,1.808703,10
122,629,1.5,Real-time SBAS Corrected,11/2/2022,03:09:50pm,11,11,0.394903,11
123,628,1.5,Real-time SBAS Corrected,11/2/2022,03:11:24pm,24,24,1.238645,12
124,626,1.2,Real-time SBAS Corrected,11/2/2022,03:16:29pm,11,11,0.535263,13
125,625,1.1,Real-time SBAS Corrected,11/2/2022,03:17:33pm,12,12,0.626197,14
126,624,1.4,Real-time SBAS Corrected,11/2/2022,03:18:42pm,11,11,0.330184,15
127,618,1.6,Real-time SBAS Corrected,11/2/2022,03:19:51pm,15,15,1.026662,16
128,619,1.3,Real-time SBAS Corrected,11/2/2022,03:21:29pm,10,10,0.731445,17
129,621,1.9,Real-time SBAS Corrected,11/2/2022,03:23:20pm,14,14,0.52522,18
130,622,1.4,Real-time SBAS Corrected,11/2/2022,03:24:36pm,11,11,0.342754,19
131,623,1.6,Real-time SBAS Corrected,11/2/2022,03:25:34pm,12,12,0.980743,20
132,627,1.6,Real-time SBAS Corrected,11/2/2022,03:27:18pm,13,13,0.613019,21
133,634,1.6,Real-time SBAS Corrected,11/2/2022,03:28:23pm,13,13,0.375334,22
134,635,1.7,Real-time SBAS Corrected,11/2/2022,03:29:45pm,14,14,0.507895,23
135,636,1.5,Real-time SBAS Corrected,11/2/2022,03:30:50pm,13,13,1.429009,24
136,633,1.4,Real-time SBAS Corrected,11/2/2022,03:32:17pm,14,14,0.589515,25
137,632,1.3,Real-time SBAS Corrected,11/2/2022,03:35:24pm,10,10,0.571721,26
138,637,1.5,Real-time SBAS Corrected,11/2/2022,03:36:26pm,15,15,0.620234,27
139,639,1.3,Real-time SBAS Corrected,11/2/2022,03:37:41pm,10,10,0.958121,28
140,9999,1.6,Real-time SBAS Corrected,11/2/2022,03:39:11pm,11,11,0.787748,29
141,640,1.7,Real-time SBAS Corrected,11/2/2022,03:40:16pm,11,11,0.833025,30
142,641,1.3,Real-time SBAS Corrected,11/2/2022,03:41:49pm,12,12,0.844168,31
143,642,1.4,Real-time SBAS Corrected,11/2/2022,03:43:03pm,10,10,0.43207,32
144,643,2.2,Real-time SBAS Corrected,11/2/2022,03:44:17pm,51,51,1.487977,33
145,650,1.4,Real-time SBAS Corrected,11/2/2022,03:47:48pm,13,13,0.63152,34
146,644,1.4,Real-time SBAS Corrected,11/2/2022,03:50:00pm,14,14,0.705468,35
147,645,1.2,Real-time SBAS Corrected,11/2/2022,03:51:33pm,10,10,0.614515,36
148,648,1.3,Real-time SBAS Corrected,11/2/2022,03:52:46pm,12,12,2.257326,37
149,647,1.3,Real-time SBAS Corrected,11/2/2022,03:53:52pm,11,11,0.727343,38
150,646,1.2,Real-time SBAS Corrected,11/2/2022,03:55:14pm,10,10,0.402375,39
151,651,1.8,Uncorrected,11/2/2022,03:56:15pm,72,72,0.863857,40
152,688,1.5,Real-time SBAS Corrected,11/2/2022,04:01:38pm,15,15,1.967781,41
153,9999,1.7,Real-time SBAS Corrected,11/2/2022,04:02:59pm,11,11,0.417404,42
154,689,1.3,Real-time SBAS Corrected,11/2/2022,04:06:00pm,10,10,0.727731,43
155,687,1.2,Real-time SBAS Corrected,11/2/2022,04:07:04pm,13,13,0.213079,44
156,686,1.4,Real-time SBAS Corrected,11/2/2022,04:08:42pm,11,11,0.598436,45
157,684,1.6,Uncorrected,11/2/2022,04:09:59pm,37,37,0.469271,46
158,685,1.6,Uncorrected,11/2/2022,04:12:21pm,32,32,1.63338,47
159,692,1.4,Real-time SBAS Corrected,11/2/2022,04:14:35pm,13,13,0.904245,48
160,693,1.4,Real-time SBAS Corrected,11/2/2022,04:15:24pm,13,13,0.534811,49
161,691,1.3,Real-time SBAS Corrected,11/2/2022,04:17:17pm,13,13,0.69037,50
162,710,1.5,Real-time SBAS Corrected,11/2/2022,04:18:56pm,10,10,1.154345,51
163,711,1.5,Real-time SBAS Corrected,11/2/2022,04:20:24pm,15,15,2.519654,52
164,712,1.4,Real-time SBAS Corrected,11/2/2022,04:21:40pm,13,13,1.696024,53
165,720,1.3,Real-time SBAS Corrected,11/2/2022,04:22:45pm,13,13,1.006323,54
166,719,1.2,Real-time SBAS Corrected,11/2/2022,04:23:59pm,10,10,0.79751,55
167,709,1.4,Real-time SBAS Corrected,11/2/2022,04:24:54pm,10,10,0.362853,56
168,708,1.3,Real-time SBAS Corrected,11/2/2022,04:25:31pm,11,11,0.147242,57
169,704,1.2,Real-time SBAS Corrected,11/2/2022,04:26:54pm,11,11,0.214197,58
170,705,1.4,Real-time SBAS Corrected,11/2/2022,04:27:41pm,10,10,0.986157,59
171,707,1.2,Real-time SBAS Corrected,11/2/2022,04:29:22pm,12,12,0.501492,60
172,706,1.4,Real-time SBAS Corrected,11/2/2022,04:30:45pm,15,15,0.817232,61
173,717,1.1,Real-time SBAS Corrected,11/2/2022,04:32:13pm,12,12,0.356466,62
174,718,1.2,Real-time SBAS Corrected,11/2/2022,04:33:04pm,12,12,0.283488,63
175,714,1,Real-time SBAS Corrected,11/2/2022,04:34:11pm,10,10,0.721903,64
176,715,1.7,Real-time SBAS Corrected,11/2/2022,04:35:24pm,10,10,0.893112,65
177,718,1.3,Real-time SBAS Corrected,11/2/2022,04:36:12pm,11,11,0.310211,66
178,733,1.2,Real-time SBAS Corrected,11/2/2022,04:37:16pm,12,12,0.485042,67
179,732,1.3,Real-time SBAS Corrected,11/2/2022,04:38:00pm,11,11,0.634303,68
180,731,1.3,Real-time SBAS Corrected,11/2/2022,04:38:54pm,11,11,0.193717,69
181,730,1.3,Real-time SBAS Corrected,11/2/2022,04:39:55pm,17,17,0.676843,70
182,729,1.4,Real-time SBAS Corrected,11/2/2022,04:41:35pm,10,10,0.749043,71
183,728,1.4,Real-time SBAS Corrected,11/2/2022,04:42:31pm,11,11,0.128098,72
184,727,1.3,Real-time SBAS Corrected,11/2/2022,04:43:39pm,10,10,0.738531,73
185,726,1.3,Real-time SBAS Corrected,11/2/2022,04:44:34pm,10,10,1.172699,74
186,725,1.4,Real-time SBAS Corrected,11/2/2022,04:45:29pm,12,12,1.416502,75
187,724,1.4,Real-time SBAS Corrected,11/2/2022,04:46:19pm,10,10,0.481494,76
188,723,1.3,Real-time SBAS Corrected,11/2/2022,04:47:10pm,11,11,0.625616,77
189,722,1.6,Real-time SBAS Corrected,11/2/2022,04:48:03pm,12,12,0.760779,78
190,721,1.4,Real-time SBAS Corrected,11/2/2022,04:49:00pm,10,10,0.261819,79
191,694,2.2,Real-time SBAS Corrected,11/2/2022,04:51:36pm,12,12,2.098272,80
192,695,1.5,Real-time SBAS Corrected,11/2/2022,04:52:39pm,16,16,0.967373,81
193,696,1.4,Real-time SBAS Corrected,11/2/2022,04:53:57pm,10,10,0.330066,82
194,697,1.6,Real-time SBAS Corrected,11/2/2022,04:54:55pm,27,27,0.532433,83
195,699,1.5,Real-time SBAS Corrected,11/2/2022,04:57:18pm,15,15,0.771465,84
196,9999,1.4,Real-time SBAS Corrected,11/2/2022,04:59:14pm,16,16,0.608437,85
197,737,1.7,Real-time SBAS Corrected,11/2/2022,05:00:54pm,14,14,0.290487,86
198,736,1.5,Real-time SBAS Corrected,11/2/2022,05:01:54pm,11,11,0.45965,87
199,735,2.1,Real-time SBAS Corrected,11/2/2022,05:03:03pm,14,14,0.192424,88
200,734,1.6,Real-time SBAS Corrected,11/2/2022,05:04:22pm,10,10,0.15187,89
201,698,1.8,Real-time SBAS Corrected,11/2/2022,05:05:42pm,28,28,1.097696,90
202,700,1.3,Real-time SBAS Corrected,11/2/2022,05:08:12pm,11,11,0.228172,91
203,711,1.9,Uncorrected,11/2/2022,05:09:17pm,15,15,1.974493,92
204,702,3.8,Uncorrected,11/2/2022,05:10:57pm,39,39,4.120819,93
205,782,1.5,Uncorrected,11/2/2022,05:13:26pm,11,11,0.56382,94
206,783,1.5,Real-time SBAS Corrected,11/2/2022,05:14:56pm,11,11,0.488357,95
207,763,1.5,Real-time SBAS Corrected,11/2/2022,05:15:51pm,11,11,0.311897,96
208,789,1.8,Real-time SBAS Corrected,11/2/2022,05:17:02pm,10,10,0.554617,97
209,788,1.5,Real-time SBAS Corrected,11/2/2022,05:18:09pm,10,10,0.527689,98
210,762,2.5,Real-time SBAS Corrected,11/2/2022,05:19:04pm,14,14,0.633238,99
211,761,2,Uncorrected,11/2/2022,05:20:17pm,18,18,0.928767,100
212,785,1.6,Real-time SBAS Corrected,11/2/2022,05:21:53pm,15,15,0.638422,101
213,775,1.7,Real-time SBAS Corrected,11/2/2022,05:23:20pm,51,51,0.816145,102
214,774,1.6,Real-time SBAS Corrected,11/2/2022,05:26:31pm,12,12,0.545613,103
215,772,1.8,Real-time SBAS Corrected,11/2/2022,05:27:58pm,11,11,0.882065,104
216,777,1.3,Real-time SBAS Corrected,11/2/2022,05:30:41pm,11,11,0.565288,105
217,771,1.7,Real-time SBAS Corrected,11/2/2022,05:31:45pm,17,17,0.555159,106
218,780,1.7,Real-time SBAS Corrected,11/2/2022,05:34:07pm,12,12,0.384361,107
219,779,1.9,Real-time SBAS Corrected,11/2/2022,05:35:01pm,21,21,0.314133,108
220,778,1.7,Real-time SBAS Corrected,11/2/2022,05:36:38pm,10,10,0.252538,109
221,781,1.6,Real-time SBAS Corrected,11/2/2022,05:38:16pm,22,22,0.933985,110
222,776,1.5,Real-time SBAS Corrected,11/2/2022,05:39:55pm,20,20,0.52071,111
223,786,1.2,Real-time SBAS Corrected,11/2/2022,05:42:42pm,10,10,0.502233,112
224,787,1.2,Real-time SBAS Corrected,11/2/2022,05:44:30pm,12,12,0.300915,113
225,790,1.5,Real-time SBAS Corrected,11/2/2022,05:45:50pm,21,21,1.807864,114
226,760,1.4,Real-time SBAS Corrected,11/2/2022,05:47:43pm,10,10,0.346116,115
227,791,1.5,Real-time SBAS Corrected,11/2/2022,05:48:48pm,10,10,1.805537,116
228,792,1.3,Real-time SBAS Corrected,11/2/2022,05:51:46pm,10,10,0.417927,117
229,793,1.1,Real-time SBAS Corrected,11/2/2022,05:53:59pm,10,10,0.414641,118
230,796,1.4,Real-time SBAS Corrected,11/3/2022,11:34:26am,11,11,0.586572,1
231,797,1.6,Real-time SBAS Corrected,11/3/2022,11:36:02am,14,14,0.52274,2
232,795,1.7,Real-time SBAS Corrected,11/3/2022,11:37:22am,11,11,1.081531,3
233,794,1.3,Real-time SBAS Corrected,11/3/2022,11:39:04am,12,12,0.905415,4
234,813,1.2,Real-time SBAS Corrected,11/3/2022,11:41:29am,16,16,0.306252,5
235,812,1.4,Real-time SBAS Corrected,11/3/2022,11:43:28am,12,12,0.370113,6
236,993,1.2,Real-time SBAS Corrected,11/3/2022,11:47:27am,11,11,0.462232,7
237,802,1.2,Real-time SBAS Corrected,11/3/2022,11:49:25am,16,16,1.207656,8
238,801,1.3,Real-time SBAS Corrected,11/3/2022,11:51:21am,11,11,0.609061,9
239,764,1.5,Uncorrected,11/3/2022,11:52:35am,36,36,0.899447,10
240,765,1.4,Uncorrected,11/3/2022,11:54:54am,48,48,4.573366,11
241,766,1.4,Uncorrected,11/3/2022,11:58:10am,30,30,2.319847,12
242,767,1.3,Uncorrected,11/3/2022,11:59:59am,32,32,1.533656,13
243,809,1.1,Real-time SBAS Corrected,11/3/2022,12:02:12pm,14,14,2.210606,14
244,810,1.2,Real-time SBAS Corrected,11/3/2022,12:04:09pm,14,14,0.793832,15
245,803,1.2,Real-time SBAS Corrected,11/3/2022,12:05:50pm,10,10,0.432661,16
246,804,1.1,Real-time SBAS Corrected,11/3/2022,12:06:48pm,14,14,0.987669,17
247,803,1.1,Real-time SBAS Corrected,11/3/2022,12:08:45pm,18,18,0.913647,18
248,807,1.2,Real-time SBAS Corrected,11/3/2022,12:10:08pm,17,17,0.559212,19
249,768,1.6,Uncorrected,11/3/2022,12:12:09pm,25,25,1.203604,20
250,806,1.2,Real-time SBAS Corrected,11/3/2022,12:14:43pm,10,10,0.729146,21
251,805,1.4,Real-time SBAS Corrected,11/3/2022,12:16:30pm,15,15,0.92776,22
252,816,1.4,Real-time SBAS Corrected,11/3/2022,12:19:58pm,18,18,0.41037,23
253,814,1.1,Real-time SBAS Corrected,11/3/2022,12:21:27pm,11,11,1.089789,24
254,815,1.5,Real-time SBAS Corrected,11/3/2022,12:24:12pm,12,12,0.652737,25
255,820,1.4,Real-time SBAS Corrected,11/3/2022,12:25:50pm,10,10,2.513838,26
256,817,1.5,Real-time SBAS Corrected,11/3/2022,12:27:30pm,29,29,0.885365,27
257,992,1.1,Real-time SBAS Corrected,11/3/2022,12:29:41pm,21,21,0.40379,28
258,991,1.2,Real-time SBAS Corrected,11/3/2022,12:31:50pm,17,17,2.104607,29
259,854,1.3,Uncorrected,11/3/2022,12:33:32pm,15,15,0.564195,30
260,846,1.2,Real-time SBAS Corrected,11/3/2022,12:37:04pm,11,11,0.650134,31
261,845,1.4,Real-time SBAS Corrected,11/3/2022,12:38:22pm,11,11,0.208872,32
262,847,1.1,Real-time SBAS Corrected,11/3/2022,12:40:32pm,11,11,0.394233,33
263,844,1.4,Real-time SBAS Corrected,11/3/2022,12:41:42pm,14,14,0.594941,34
264,843,1.2,Real-time SBAS Corrected,11/3/2022,12:42:55pm,11,11,0.434261,35
265,851,1.5,Real-time SBAS Corrected,11/3/2022,12:43:59pm,18,18,0.671833,36
266,850,1.3,Real-time SBAS Corrected,11/3/2022,12:45:10pm,13,13,0.951898,37
267,849,1.5,Uncorrected,11/3/2022,12:46:55pm,17,17,0.987699,38
268,848,2,Uncorrected,11/3/2022,12:48:28pm,13,13,0.524434,39
269,9999,1.1,Real-time SBAS Corrected,11/3/2022,12:49:42pm,10,10,0.392004,40
270,308,1.6,Real-time SBAS Corrected,11/6/2022,11:45:09am,14,14,0.422632,1
271,307,1.9,Real-time SBAS Corrected,11/6/2022,11:46:54am,34,34,1.763716,2
272,306,1.6,Real-time SBAS Corrected,11/6/2022,11:49:24am,21,21,3.137513,3
273,305,1.5,Real-time SBAS Corrected,11/6/2022,11:50:45am,14,14,2.229226,4
274,304,1.4,Real-time SBAS Corrected,11/6/2022,11:52:04am,17,17,0.966384,5
275,303,1.5,Real-time SBAS Corrected,11/6/2022,11:53:07am,17,17,0.646457,6
276,302,2.1,Real-time SBAS Corrected,11/6/2022,11:54:20am,16,16,0.772713,7
277,301,1.9,Real-time SBAS Corrected,11/6/2022,11:55:52am,14,14,1.023767,8
278,300,1.5,Real-time SBAS Corrected,11/6/2022,11:57:43am,12,12,1.0758,9
279,299,1.3,Real-time SBAS Corrected,11/6/2022,11:58:33am,15,15,1.047762,10
280,290,1.5,Real-time SBAS Corrected,11/6/2022,11:59:43am,12,12,0.552422,11
281,291,1.4,Real-time SBAS Corrected,11/6/2022,12:00:56pm,20,20,0.954105,12
282,9999,1.2,Real-time SBAS Corrected,11/6/2022,12:02:23pm,17,17,0.891345,13
283,288,1.4,Real-time SBAS Corrected,11/6/2022,12:03:35pm,12,12,2.783232,14
284,292,1.2,Real-time SBAS Corrected,11/6/2022,12:04:46pm,14,14,0.345161,15
285,285,1.6,Real-time SBAS Corrected,11/6/2022,12:06:24pm,11,11,0.375186,16
286,284,1.4,Real-time SBAS Corrected,11/6/2022,12:07:45pm,15,15,0.298995,17
287,286,1.2,Real-time SBAS Corrected,11/6/2022,12:09:24pm,13,13,0.968918,18
288,287,1.1,Real-time SBAS Corrected,11/6/2022,12:10:33pm,10,10,0.601125,19
289,294,1.2,Real-time SBAS Corrected,11/6/2022,12:11:17pm,18,18,1.160121,20
290,293,1.1,Real-time SBAS Corrected,11/6/2022,12:12:30pm,11,11,1.506994,21
291,281,1.2,Real-time SBAS Corrected,11/6/2022,12:13:56pm,11,11,0.55631,22
292,290,1.4,Real-time SBAS Corrected,11/6/2022,12:15:05pm,13,13,0.599288,23
293,279,1.1,Real-time SBAS Corrected,11/6/2022,12:17:21pm,10,10,0.534247,24
294,283,1.6,Real-time SBAS Corrected,11/6/2022,12:18:21pm,12,12,0.645408,25
295,282,1.2,Real-time SBAS Corrected,11/6/2022,12:19:15pm,15,15,0.735633,26
296,278,1.3,Real-time SBAS Corrected,11/6/2022,12:20:34pm,18,18,1.086077,27
297,276,1.2,Real-time SBAS Corrected,11/6/2022,12:21:47pm,19,19,0.395617,28
298,269,1.3,Real-time SBAS Corrected,11/6/2022,12:23:16pm,11,11,0.604334,29
299,270,1.1,Real-time SBAS Corrected,11/6/2022,12:24:12pm,11,11,1.333848,30
300,277,1.1,Real-time SBAS Corrected,11/6/2022,12:25:35pm,14,14,0.59937,31
301,271,1.3,Real-time SBAS Corrected,11/6/2022,12:26:38pm,15,15,0.854145,32
302,272,1.3,Real-time SBAS Corrected,11/6/2022,12:28:13pm,12,12,1.294547,33
303,273,1.1,Real-time SBAS Corrected,11/6/2022,12:29:06pm,16,16,0.444466,34
304,274,1,Real-time SBAS Corrected,11/6/2022,12:30:25pm,10,10,0.434505,35
305,275,1,Real-time SBAS Corrected,11/6/2022,12:31:12pm,16,16,0.534636,36
306,268,1.1,Real-time SBAS Corrected,11/6/2022,12:33:12pm,12,12,0.349441,37
307,267,1.2,Real-time SBAS Corrected,11/6/2022,12:36:07pm,12,12,0.769648,38
308,266,1.1,Real-time SBAS Corrected,11/6/2022,12:37:25pm,18,18,0.449832,39
309,264,1.3,Real-time SBAS Corrected,11/6/2022,12:39:41pm,58,58,0.826651,40
310,263,1.3,Real-time SBAS Corrected,11/6/2022,12:43:54pm,13,13,0.353765,41
311,265,1.5,Real-time SBAS Corrected,11/6/2022,12:44:51pm,19,19,0.677403,42
312,262,1.2,Real-time SBAS Corrected,11/6/2022,12:46:12pm,20,20,0.732647,43
313,261,1.5,Real-time SBAS Corrected,11/6/2022,12:47:43pm,26,26,1.002441,44
314,9999,1.2,Real-time SBAS Corrected,11/6/2022,12:50:32pm,11,11,0.43004,45
315,350,1.4,Real-time SBAS Corrected,11/6/2022,12:51:31pm,42,42,1.383907,46
316,348,1.3,Real-time SBAS Corrected,11/6/2022,12:54:42pm,10,10,0.31431,47
317,351,1.3,Real-time SBAS Corrected,11/6/2022,12:55:54pm,10,10,0.851465,48
318,349,1.5,Real-time SBAS Corrected,11/6/2022,12:57:03pm,15,15,0.977967,49
319,259,1.1,Real-time SBAS Corrected,11/6/2022,12:58:05pm,13,13,0.732753,50
320,258,1.1,Real-time SBAS Corrected,11/6/2022,12:58:57pm,11,11,0.411204,51
321,257,1.1,Real-time SBAS Corrected,11/6/2022,12:59:44pm,11,11,0.395486,52
322,256,1.1,Real-time SBAS Corrected,11/6/2022,01:00:26pm,17,17,0.482234,53
323,255,1.3,Real-time SBAS Corrected,11/6/2022,01:01:27pm,11,11,0.450481,54
324,254,1.1,Real-time SBAS Corrected,11/6/2022,01:02:20pm,11,11,0.732351,55
325,251,1.1,Real-time SBAS Corrected,11/6/2022,01:03:29pm,10,10,0.489116,56
326,250,1.5,Real-time SBAS Corrected,11/6/2022,01:04:14pm,13,13,0.955123,57
327,249,1.5,Real-time SBAS Corrected,11/6/2022,01:05:03pm,17,17,1.060716,58
328,248,1.3,Real-time SBAS Corrected,11/6/2022,01:06:28pm,10,10,1.079824,59
329,247,1.3,Real-time SBAS Corrected,11/6/2022,01:07:24pm,10,10,0.895905,60
330,253,1.4,Real-time SBAS Corrected,11/6/2022,01:12:56pm,12,12,0.422014,61
331,252,1.5,Real-time SBAS Corrected,11/6/2022,01:13:45pm,14,14,0.439408,62
332,244,1.7,Real-time SBAS Corrected,11/6/2022,01:16:07pm,10,10,0.890535,63
333,245,2,Real-time SBAS Corrected,11/6/2022,01:17:13pm,24,24,1.16464,64
334,246,1.6,Real-time SBAS Corrected,11/6/2022,01:19:04pm,12,12,1.088678,65
335,352,1.4,Real-time SBAS Corrected,11/6/2022,01:20:32pm,11,11,0.832616,66
336,346,1.4,Real-time SBAS Corrected,11/6/2022,01:21:52pm,15,15,1.445331,67
337,345,1.4,Real-time SBAS Corrected,11/6/2022,01:23:04pm,19,19,1.821156,68
338,343,1.4,Uncorrected,11/6/2022,01:24:33pm,21,21,1.40477,69
339,342,1.4,Uncorrected,11/6/2022,01:26:21pm,17,17,0.313103,70
340,1020,1.1,Uncorrected,10/20/2022,11:24:06am,12,12,0.066299,1
341,1021,1.9,Uncorrected,10/20/2022,11:26:24am,13,13,,2
342,1022,1.3,Real-time SBAS Corrected,10/20/2022,11:29:07am,11,11,0.604589,3
343,1023,1.3,Real-time SBAS Corrected,10/20/2022,11:32:25am,10,10,0.146533,4
344,1066,1.2,Real-time SBAS Corrected,10/20/2022,11:34:34am,10,10,0.443855,5
345,1065,1.3,Real-time SBAS Corrected,10/20/2022,11:36:57am,16,16,0.41134,6
346,1064,1.2,Real-time SBAS Corrected,10/20/2022,11:38:43am,10,10,0.409903,7
347,1063,1.4,Uncorrected,10/20/2022,11:40:48am,15,15,0.623498,8
348,1062,1.2,Real-time SBAS Corrected,10/20/2022,11:43:01am,10,10,0.50138,9
349,1061,1.1,Real-time SBAS Corrected,10/20/2022,11:45:30am,11,11,0.364173,10
350,1060,1.1,Real-time SBAS Corrected,10/20/2022,11:48:36am,14,14,0.562015,11
351,1059,1.1,Real-time SBAS Corrected,10/20/2022,11:50:52am,16,16,0.352565,12
352,1058,1,Real-time SBAS Corrected,10/20/2022,11:52:51am,12,12,0.277239,13
353,1057,1,Real-time SBAS Corrected,10/20/2022,11:54:36am,11,11,0.518784,14
354,1056,1,Real-time SBAS Corrected,10/20/2022,11:56:24am,11,11,2.074549,15
355,1055,1,Real-time SBAS Corrected,10/20/2022,11:58:16am,10,10,0.737707,16
356,1054,1,Real-time SBAS Corrected,10/20/2022,12:00:39pm,11,11,0.305878,17
357,1037,1,Real-time SBAS Corrected,10/20/2022,12:03:38pm,10,10,0.645259,18
358,1038,1,Real-time SBAS Corrected,10/20/2022,12:06:19pm,10,10,0.148824,19
359,1039,1.1,Real-time SBAS Corrected,10/20/2022,12:08:27pm,10,10,1.29928,20
360,1040,1.1,Real-time SBAS Corrected,10/20/2022,12:10:57pm,10,10,0.189308,21
361,1041,1.1,Real-time SBAS Corrected,10/20/2022,12:13:29pm,11,11,0.160279,22
362,1042,1,Uncorrected,10/20/2022,12:15:12pm,11,11,0.6398,23
363,1043,1.3,Uncorrected,10/20/2022,12:16:47pm,10,10,0.706687,24
364,1044,1.3,Uncorrected,10/20/2022,12:19:05pm,22,22,0.668533,25
365,1045,1.1,Uncorrected,10/20/2022,12:21:53pm,10,10,0.31547,26
366,1046,1.3,Uncorrected,10/20/2022,12:24:25pm,20,20,0.706524,27
367,1047,1.2,Uncorrected,10/20/2022,12:26:51pm,10,10,0.520545,28
368,1048,1.2,Real-time SBAS Corrected,10/20/2022,12:28:17pm,11,11,0.127338,29
369,1049,1.1,Real-time SBAS Corrected,10/20/2022,12:30:02pm,10,10,0.278957,30
370,1050,1.4,Uncorrected,10/20/2022,12:31:39pm,14,14,0.823263,31
371,1051,1.5,Real-time SBAS Corrected,10/20/2022,12:33:47pm,12,12,2.469036,32
372,1052,1.4,Real-time SBAS Corrected,10/20/2022,12:36:37pm,10,10,0.273806,33
373,1053,1.2,Real-time SBAS Corrected,10/20/2022,12:41:00pm,11,11,0.753981,34
374,1036,1.1,Uncorrected,10/20/2022,12:43:54pm,11,11,0.34101,35
375,1034,1.4,Uncorrected,10/20/2022,12:48:06pm,14,14,1.139933,36
376,1033,1.5,Uncorrected,10/20/2022,12:49:35pm,11,11,0.437165,37
377,1025,1.3,Uncorrected,10/20/2022,12:54:34pm,10,10,0.312387,38
378,1032,1.4,Uncorrected,10/20/2022,12:56:12pm,10,10,0.885776,39
379,1031,1.2,Real-time SBAS Corrected,10/20/2022,12:57:40pm,10,10,0.512017,40
380,1030,1.1,Real-time SBAS Corrected,10/20/2022,12:58:54pm,10,10,0.756824,41
381,1029,1.2,Real-time SBAS Corrected,10/20/2022,12:59:58pm,11,11,1.053044,42
382,1028,1.3,Real-time SBAS Corrected,10/20/2022,01:01:17pm,10,10,0.348757,43
383,1027,1.1,Real-time SBAS Corrected,10/20/2022,01:03:10pm,13,13,2.370444,44
384,1026,1.1,Real-time SBAS Corrected,10/20/2022,01:04:53pm,11,11,0.53931,45
385,382,1,Real-time SBAS Corrected,10/20/2022,01:08:19pm,11,11,1.532008,46
386,383,1.2,Real-time SBAS Corrected,10/20/2022,01:12:02pm,10,10,0.582593,47
387,1069,1,Real-time SBAS Corrected,10/20/2022,01:13:47pm,11,11,0.677576,48
388,1068,0.9,Uncorrected,10/20/2022,01:16:15pm,11,11,0.692416,49
389,1067,1,Real-time SBAS Corrected,10/20/2022,01:17:52pm,12,12,0.331691,50
390,384,1.1,Real-time SBAS Corrected,10/20/2022,01:20:47pm,12,12,0.904314,51
391,381,1.1,Uncorrected,10/20/2022,01:25:12pm,10,10,0.86256,52
392,380,1.1,Uncorrected,10/20/2022,01:27:36pm,10,10,0.296757,53
393,379,1,Real-time SBAS Corrected,10/20/2022,01:30:57pm,12,12,0.280614,54
394,378,1.1,Uncorrected,10/20/2022,01:33:16pm,14,14,0.897585,55
395,546,1.9,Uncorrected,10/27/2022,04:14:36pm,10,10,0.695866,1
396,545,1.8,Real-time SBAS Corrected,10/27/2022,04:15:33pm,11,11,0.173536,2
397,543,1.8,Real-time SBAS Corrected,10/27/2022,04:16:37pm,11,11,1.227274,3
398,542,1.2,Real-time SBAS Corrected,10/27/2022,04:17:31pm,13,13,0.869207,4
399,537,1.4,Real-time SBAS Corrected,10/27/2022,04:18:51pm,11,11,0.5315,5
400,538,1.3,Real-time SBAS Corrected,10/27/2022,04:20:39pm,11,11,0.68129,6
401,539,1.2,Real-time SBAS Corrected,10/27/2022,04:22:14pm,13,13,0.61341,7
402,342,1.2,Real-time SBAS Corrected,10/27/2022,04:23:43pm,15,15,0.925769,8
403,531,1.2,Real-time SBAS Corrected,10/27/2022,04:25:51pm,11,11,0.478841,9
404,549,1.3,Real-time SBAS Corrected,10/27/2022,04:27:35pm,12,12,0.987069,10
405,536,1,Real-time SBAS Corrected,10/27/2022,04:29:29pm,11,11,2.076699,11
406,535,1.2,Real-time SBAS Corrected,10/27/2022,04:31:21pm,10,10,0.298571,12
407,534,1.1,Real-time SBAS Corrected,10/27/2022,04:33:14pm,11,11,1.236184,13
408,528,1,Real-time SBAS Corrected,10/27/2022,04:34:56pm,12,12,0.272081,14
409,527,1.2,Real-time SBAS Corrected,10/27/2022,04:37:11pm,11,11,0.441247,15
410,523,1.2,Real-time SBAS Corrected,10/27/2022,04:38:53pm,15,15,0.532772,16
411,9999,1,Real-time SBAS Corrected,10/27/2022,04:40:32pm,11,11,0.641824,17
412,526,1.1,Real-time SBAS Corrected,10/27/2022,04:41:30pm,10,10,1.077689,18
413,529,1,Real-time SBAS Corrected,10/27/2022,04:42:50pm,10,10,0.351907,19
414,533,1.1,Real-time SBAS Corrected,10/27/2022,04:43:55pm,10,10,0.662073,20
415,530,1,Real-time SBAS Corrected,10/27/2022,04:45:09pm,12,12,0.639712,21
416,583,1.1,Real-time SBAS Corrected,10/27/2022,04:47:36pm,11,11,0.38969,22
417,9999,1,Real-time SBAS Corrected,10/27/2022,04:49:18pm,15,15,0.24853,23
418,9999,1.2,Real-time SBAS Corrected,10/27/2022,04:50:39pm,17,17,0.236602,24
419,546,1,Real-time SBAS Corrected,10/27/2022,04:52:41pm,11,11,0.321975,25
420,590,1,Real-time SBAS Corrected,10/27/2022,04:54:01pm,11,11,0.950594,26
421,597,1,Real-time SBAS Corrected,10/27/2022,04:55:25pm,11,11,0.268259,27
422,598,1.1,Real-time SBAS Corrected,10/27/2022,04:56:13pm,12,12,0.377945,28
423,599,1.1,Real-time SBAS Corrected,10/27/2022,04:57:15pm,11,11,0.84905,29
424,582,1.1,Real-time SBAS Corrected,10/27/2022,04:58:49pm,11,11,0.697889,30
425,600,1.7,Real-time SBAS Corrected,10/27/2022,05:00:27pm,11,11,1.221864,31
426,602,1.3,Real-time SBAS Corrected,10/27/2022,05:01:50pm,13,13,0.473637,32
427,581,1.4,Real-time SBAS Corrected,10/27/2022,05:03:43pm,14,14,0.996681,33
428,614,1.2,Real-time SBAS Corrected,10/27/2022,05:05:27pm,16,16,0.532909,34
429,613,1.4,Real-time SBAS Corrected,10/27/2022,05:07:17pm,10,10,0.437594,35
430,611,1.3,Real-time SBAS Corrected,10/27/2022,05:08:32pm,10,10,0.705221,36
431,605,1.4,Real-time SBAS Corrected,10/27/2022,05:09:59pm,14,14,0.924358,37
432,596,1.7,Real-time SBAS Corrected,10/27/2022,05:11:27pm,13,13,0.735845,38
433,604,1.4,Real-time SBAS Corrected,10/27/2022,05:12:56pm,12,12,0.435936,39
434,603,1.4,Real-time SBAS Corrected,10/27/2022,05:13:55pm,10,10,1.107455,40
435,595,1.3,Real-time SBAS Corrected,10/27/2022,05:14:49pm,16,16,0.602317,41
436,594,1.3,Real-time SBAS Corrected,10/27/2022,05:16:09pm,10,10,0.337687,42
437,593,1.6,Real-time SBAS Corrected,10/27/2022,05:17:19pm,10,10,0.47771,43
438,592,1.4,Real-time SBAS Corrected,10/27/2022,05:18:31pm,11,11,0.212465,44
439,587,1.7,Real-time SBAS Corrected,10/27/2022,05:19:46pm,13,13,0.650099,45
440,588,1.7,Real-time SBAS Corrected,10/27/2022,05:21:11pm,16,16,1.735414,46
441,589,1.4,Real-time SBAS Corrected,10/27/2022,05:22:40pm,11,11,1.086395,47
442,683,1.8,Real-time SBAS Corrected,10/27/2022,05:23:46pm,17,17,0.739499,48
443,680,2.1,Real-time SBAS Corrected,10/27/2022,05:30:45pm,11,11,0.518791,49
444,679,1.7,Real-time SBAS Corrected,10/27/2022,05:31:55pm,10,10,1.540331,50
445,681,1.4,Real-time SBAS Corrected,10/27/2022,05:32:44pm,11,11,0.887214,51
446,682,1.4,Real-time SBAS Corrected,10/27/2022,05:33:25pm,10,10,0.287216,52
447,676,1.5,Real-time SBAS Corrected,10/27/2022,05:34:10pm,11,11,0.585732,53
448,677,1.5,Real-time SBAS Corrected,10/27/2022,05:35:19pm,22,22,0.628685,54
449,676,1.5,Real-time SBAS Corrected,10/27/2022,05:36:53pm,11,11,0.608834,55
450,673,1.5,Real-time SBAS Corrected,10/27/2022,05:40:08pm,17,17,0.6953,56
451,674,1.6,Uncorrected,10/27/2022,05:43:03pm,10,10,0.260004,57
452,673,2.7,Uncorrected,10/27/2022,05:44:36pm,10,10,0.901468,58
453,672,2.1,Uncorrected,10/27/2022,05:45:51pm,10,10,0.258454,59
454,1255,1.3,Real-time SBAS Corrected,11/10/2022,11:20:23am,13,13,1.482094,1
455,1260,1.2,Real-time SBAS Corrected,11/10/2022,11:22:57am,17,17,0.863308,2
456,1262,1,Real-time SBAS Corrected,11/10/2022,11:24:58am,20,20,0.52219,3
457,1263,1,Real-time SBAS Corrected,11/10/2022,11:26:15am,18,18,0.185861,4
458,1264,1,Real-time SBAS Corrected,11/10/2022,11:27:55am,31,31,0.878591,5
459,1280,1.1,Real-time SBAS Corrected,11/10/2022,11:30:17am,12,12,0.661546,6
460,9999,1.1,Real-time SBAS Corrected,11/10/2022,11:32:08am,11,11,0.257099,7
461,1246,1.2,Real-time SBAS Corrected,11/10/2022,11:33:54am,14,14,0.345039,8
462,1245,1.2,Real-time SBAS Corrected,11/10/2022,11:34:54am,20,20,0.980931,9
463,1244,1.2,Real-time SBAS Corrected,11/10/2022,11:36:18am,17,17,1.912708,10
464,1243,1.4,Real-time SBAS Corrected,11/10/2022,11:37:50am,13,13,0.804949,11
465,1274,1.3,Real-time SBAS Corrected,11/10/2022,11:39:28am,16,16,0.74381,12
466,1273,1.3,Real-time SBAS Corrected,11/10/2022,11:40:32am,18,18,3.212428,13
467,1276,1.4,Real-time SBAS Corrected,11/10/2022,11:43:57am,14,14,0.346464,14
468,1275,1.1,Real-time SBAS Corrected,11/10/2022,11:44:58am,20,20,0.586109,15
469,1287,1.3,Real-time SBAS Corrected,11/10/2022,11:46:36am,13,13,0.864626,16
470,1286,1.3,Real-time SBAS Corrected,11/10/2022,11:47:34am,15,15,0.7861,17
471,1284,1.1,Real-time SBAS Corrected,11/10/2022,11:48:54am,11,11,0.891698,18
472,1285,1.4,Real-time SBAS Corrected,11/10/2022,11:51:01am,11,11,1.150251,19
473,1283,1,Real-time SBAS Corrected,11/10/2022,11:51:58am,10,10,0.603058,20
474,1282,1,Real-time SBAS Corrected,11/10/2022,11:52:56am,19,19,0.856433,21
475,1279,2.3,Real-time SBAS Corrected,11/10/2022,11:54:14am,43,43,2.964085,22
476,9999,1.3,Real-time SBAS Corrected,11/10/2022,11:57:16am,32,32,1.746835,23
477,1266,1,Real-time SBAS Corrected,11/10/2022,12:00:36pm,12,12,0.516313,24
478,1267,1.2,Uncorrected,11/10/2022,12:02:30pm,11,11,0.42779,25
479,1269,1.3,Uncorrected,11/10/2022,12:03:24pm,40,40,1.996261,26
480,1268,1.3,Real-time SBAS Corrected,11/10/2022,12:06:39pm,13,13,0.585344,27
481,1270,1.5,Uncorrected,11/10/2022,12:07:59pm,28,28,1.075168,28
482,1271,1.3,Real-time SBAS Corrected,11/10/2022,12:09:47pm,42,42,1.215834,29
483,1272,1.3,Uncorrected,11/10/2022,12:12:58pm,20,20,0.519017,30
484,9999,1.1,Real-time SBAS Corrected,11/10/2022,12:14:53pm,10,10,0.290867,31
485,9999,1.1,Real-time SBAS Corrected,11/10/2022,12:16:06pm,13,13,0.08736,32
486,1300,1.7,Uncorrected,11/10/2022,01:28:05pm,58,58,0.689452,33
487,1297,1.1,Real-time SBAS Corrected,11/10/2022,01:31:43pm,33,33,0.256045,34
488,1296,1.3,Real-time SBAS Corrected,11/10/2022,01:33:40pm,53,53,0.551829,35
489,1337,1.1,Real-time SBAS Corrected,11/10/2022,01:39:00pm,33,33,0.505528,36
490,1336,1.3,Real-time SBAS Corrected,11/10/2022,01:40:51pm,36,36,0.563497,37
491,1334,1,Real-time SBAS Corrected,11/10/2022,01:43:30pm,21,21,0.313658,38
492,1333,1,Real-time SBAS Corrected,11/10/2022,01:45:06pm,18,18,0.643095,39
493,1332,1,Real-time SBAS Corrected,11/10/2022,01:46:20pm,14,14,0.412808,40
494,1331,1,Real-time SBAS Corrected,11/10/2022,01:48:00pm,10,10,0.6114,41
495,1330,1,Real-time SBAS Corrected,11/10/2022,01:49:22pm,21,21,0.493706,42
496,1329,1,Real-time SBAS Corrected,11/10/2022,01:51:06pm,26,26,1.546119,43
497,1328,1,Real-time SBAS Corrected,11/10/2022,01:53:40pm,10,10,0.563777,44
498,1293,1,Real-time SBAS Corrected,11/10/2022,01:54:55pm,16,16,0.291241,45
499,1323,1,Real-time SBAS Corrected,11/10/2022,01:56:23pm,14,14,0.395153,46
500,1326,1,Real-time SBAS Corrected,11/10/2022,01:57:58pm,11,11,0.507738,47
501,1322,1,Real-time SBAS Corrected,11/10/2022,01:59:06pm,13,13,0.468749,48
502,1321,1,Real-time SBAS Corrected,11/10/2022,02:00:07pm,10,10,0.89576,49
503,1324,1.1,Real-time SBAS Corrected,11/10/2022,02:01:01pm,11,11,1.076294,50
504,1320,1.1,Real-time SBAS Corrected,11/10/2022,02:02:12pm,11,11,0.795086,51
505,1319,1.3,Real-time SBAS Corrected,11/10/2022,02:03:24pm,11,11,0.800361,52
506,1317,1,Real-time SBAS Corrected,11/10/2022,02:05:57pm,23,23,1.082764,53
507,1316,1,Real-time SBAS Corrected,11/10/2022,02:07:54pm,22,22,0.423683,54
508,9999,1,Real-time SBAS Corrected,11/10/2022,02:09:24pm,28,28,0.943688,55
509,1314,1,Real-time SBAS Corrected,11/10/2022,02:11:09pm,36,36,0.489687,56
510,1313,1,Real-time SBAS Corrected,11/10/2022,02:13:27pm,33,33,0.335937,57
511,1312,1,Real-time SBAS Corrected,11/10/2022,02:15:32pm,10,10,0.276989,58
512,1311,1,Real-time SBAS Corrected,11/10/2022,02:16:18pm,11,11,0.213928,59
513,9999,1,Real-time SBAS Corrected,11/10/2022,02:18:04pm,11,11,0.662649,60
514,9999,1.1,Real-time SBAS Corrected,11/10/2022,02:19:05pm,10,10,0.443516,61
515,1341,1.1,Real-time SBAS Corrected,11/10/2022,02:19:54pm,11,11,1.061293,62
516,1342,1.1,Real-time SBAS Corrected,11/10/2022,02:20:56pm,10,10,0.906837,63
517,1343,1.3,Real-time SBAS Corrected,11/10/2022,02:21:38pm,11,11,1.4315,64
518,9999,1.2,Real-time SBAS Corrected,11/10/2022,02:22:26pm,15,15,0.746335,65
519,1345,1.3,Real-time SBAS Corrected,11/10/2022,02:23:37pm,11,11,0.58856,66
520,9999,1.4,Real-time SBAS Corrected,11/10/2022,02:24:37pm,16,16,1.571159,67
521,9999,1.7,Real-time SBAS Corrected,11/10/2022,02:25:58pm,25,25,0.87734,68
522,836,1.1,Real-time SBAS Corrected,11/10/2022,02:27:52pm,26,26,0.727383,69
523,835,1.2,Uncorrected,11/10/2022,02:29:34pm,29,29,0.702594,70
524,834,1,Real-time SBAS Corrected,11/10/2022,02:31:24pm,32,32,0.595645,71
525,832,1.1,Real-time SBAS Corrected,11/10/2022,02:33:15pm,12,12,0.38481,72
526,831,1.1,Real-time SBAS Corrected,11/10/2022,02:34:01pm,12,12,0.938453,73
527,9999,1,Real-time SBAS Corrected,11/10/2022,02:34:58pm,17,17,1.088421,74
528,830,1.1,Real-time SBAS Corrected,11/10/2022,02:36:02pm,10,10,1.164674,75
529,829,1.1,Real-time SBAS Corrected,11/10/2022,02:36:49pm,11,11,1.21579,76
530,828,1.1,Uncorrected,11/10/2022,02:37:30pm,10,10,0.661742,77
531,827,1.1,Uncorrected,11/10/2022,02:38:27pm,20,20,1.199674,78
532,825,1.3,Real-time SBAS Corrected,11/10/2022,02:40:37pm,38,38,1.090384,79
533,823,1.1,Real-time SBAS Corrected,11/10/2022,02:43:29pm,13,13,0.335854,80
534,822,1.1,Real-time SBAS Corrected,11/10/2022,02:44:58pm,12,12,0.546673,81
535,755,1.5,Uncorrected,11/14/2022,03:37:20pm,72,72,0.257525,1
536,754,1.5,Real-time SBAS Corrected,11/14/2022,03:41:23pm,14,14,0.864699,2
537,750,1.5,Uncorrected,11/14/2022,03:42:42pm,16,16,0.85021,3
538,749,2.4,Uncorrected,11/14/2022,03:44:11pm,16,16,0.517456,4
539,747,1.7,Uncorrected,11/14/2022,03:45:11pm,19,19,0.66324,5
540,746,1.9,Uncorrected,11/14/2022,03:46:22pm,13,13,1.039385,6
541,744,1.3,Real-time SBAS Corrected,11/14/2022,03:47:14pm,13,13,0.582694,7
542,745,1.3,Uncorrected,11/14/2022,03:48:02pm,16,16,0.93164,8
543,743,1.3,Uncorrected,11/14/2022,03:49:12pm,14,14,1.167486,9
544,742,1.4,Uncorrected,11/14/2022,03:50:05pm,13,13,0.980597,10
545,741,1.2,Uncorrected,11/14/2022,03:50:53pm,15,15,1.499469,11
546,740,1.2,Uncorrected,11/14/2022,03:51:54pm,12,12,1.284972,12
547,739,1.5,Uncorrected,11/14/2022,03:52:46pm,21,21,0.491041,13
548,752,1.3,Uncorrected,11/14/2022,03:54:50pm,20,20,1.538034,14
549,751,1.3,Uncorrected,11/14/2022,03:56:23pm,12,12,0.298021,15
550,753,1.1,Uncorrected,11/14/2022,03:57:28pm,10,10,0.597968,16
551,9999,1.7,Real-time SBAS Corrected,11/14/2022,04:03:52pm,15,15,0.804951,17
552,2,1.4,Real-time SBAS Corrected,11/14/2022,04:05:28pm,21,21,0.873062,18
553,4,1.3,Real-time SBAS Corrected,11/14/2022,04:06:43pm,15,15,0.406246,19
554,9999,1.3,Real-time SBAS Corrected,11/14/2022,04:08:07pm,10,10,0.515746,20
555,6,1.2,Real-time SBAS Corrected,11/14/2022,04:08:48pm,14,14,1.036552,21
556,7,1.2,Real-time SBAS Corrected,11/14/2022,04:09:50pm,11,11,0.754288,22
557,10,1.2,Real-time SBAS Corrected,11/14/2022,04:10:40pm,15,15,0.822704,23
558,9,1.3,Real-time SBAS Corrected,11/14/2022,04:11:33pm,15,15,0.45341,24
559,8,1.4,Real-time SBAS Corrected,11/14/2022,04:12:54pm,17,17,0.628106,25
560,21,1.1,Real-time SBAS Corrected,11/14/2022,04:14:08pm,12,12,0.826811,26
561,20,1.4,Real-time SBAS Corrected,11/14/2022,04:14:54pm,14,14,1.03247,27
562,13,1.2,Real-time SBAS Corrected,11/14/2022,04:15:47pm,12,12,0.258195,28
563,11,1.2,Real-time SBAS Corrected,11/14/2022,04:16:41pm,12,12,0.984822,29
564,12,1.2,Real-time SBAS Corrected,11/14/2022,04:17:27pm,12,12,0.609934,30
565,14,1.2,Real-time SBAS Corrected,11/14/2022,04:19:43pm,11,11,0.725182,31
566,19,1.2,Real-time SBAS Corrected,11/14/2022,04:20:46pm,16,16,0.858462,32
567,16,1.3,Real-time SBAS Corrected,11/14/2022,04:22:12pm,12,12,0.413815,33
568,17,1.3,Real-time SBAS Corrected,11/14/2022,04:23:00pm,16,16,0.689654,34
569,322,1.3,Real-time SBAS Corrected,11/14/2022,04:24:00pm,14,14,0.390063,35
570,324,1.6,Real-time SBAS Corrected,11/14/2022,04:25:09pm,11,11,0.93914,36
571,323,1.6,Real-time SBAS Corrected,11/14/2022,04:26:07pm,12,12,0.207344,37
572,325,1.3,Real-time SBAS Corrected,11/14/2022,04:27:08pm,10,10,0.23436,38
573,18,1.3,Real-time SBAS Corrected,11/14/2022,04:27:55pm,12,12,0.424347,39
574,40,1.5,Real-time SBAS Corrected,11/14/2022,04:29:08pm,19,19,0.887949,40
575,41,1.3,Real-time SBAS Corrected,11/14/2022,04:30:16pm,14,14,0.640029,41
576,9999,1.2,Real-time SBAS Corrected,11/14/2022,04:32:04pm,10,10,0.649216,42
577,68,1.4,Real-time SBAS Corrected,11/14/2022,04:33:29pm,16,16,2.134478,43
578,67,1.5,Real-time SBAS Corrected,11/14/2022,04:34:54pm,13,13,0.942128,44
579,66,1.3,Real-time SBAS Corrected,11/14/2022,04:35:56pm,14,14,0.343211,45
580,69,1.3,Real-time SBAS Corrected,11/14/2022,04:37:02pm,11,11,0.400575,46
581,65,1.3,Real-time SBAS Corrected,11/14/2022,04:37:55pm,15,15,2.082864,47
582,64,1.2,Real-time SBAS Corrected,11/14/2022,04:39:08pm,10,10,0.190142,48
583,70,1.2,Real-time SBAS Corrected,11/14/2022,04:39:58pm,13,13,0.384959,49
584,9999,1.7,Real-time SBAS Corrected,11/14/2022,04:41:24pm,13,13,0.503075,50
585,327,1.2,Real-time SBAS Corrected,11/14/2022,04:42:28pm,22,22,0.956656,51
586,328,1.6,Real-time SBAS Corrected,11/14/2022,04:43:46pm,11,11,0.686019,52
587,72,1.6,Real-time SBAS Corrected,11/14/2022,04:44:59pm,18,18,1.187533,53
588,97,1.4,Uncorrected,11/14/2022,04:46:18pm,21,21,0.780054,54
589,63,1.4,Real-time SBAS Corrected,11/14/2022,04:47:59pm,15,15,0.942467,55
590,62,1.8,Real-time SBAS Corrected,11/14/2022,04:49:07pm,17,17,0.569998,56
591,61,1.3,Real-time SBAS Corrected,11/14/2022,04:50:09pm,11,11,0.453375,57
592,60,1.6,Real-time SBAS Corrected,11/14/2022,04:50:51pm,14,14,0.452351,58
593,59,1.3,Real-time SBAS Corrected,11/14/2022,04:52:35pm,11,11,0.47116,59
594,48,1.6,Real-time SBAS Corrected,11/14/2022,04:53:46pm,10,10,0.511241,60
595,49,1.4,Real-time SBAS Corrected,11/14/2022,04:54:25pm,11,11,0.292455,61
596,47,1.8,Real-time SBAS Corrected,11/14/2022,04:55:11pm,11,11,0.780876,62
597,35,1.9,Real-time SBAS Corrected,11/14/2022,04:56:24pm,12,12,0.952465,63
598,27,1.6,Real-time SBAS Corrected,11/14/2022,04:57:27pm,18,18,1.132571,64
599,25,1.5,Real-time SBAS Corrected,11/14/2022,04:58:30pm,15,15,0.969108,65
600,24,1.3,Real-time SBAS Corrected,11/14/2022,04:59:21pm,11,11,0.58342,66
601,23,1.3,Real-time SBAS Corrected,11/14/2022,05:00:07pm,12,12,0.448494,67
602,22,1.3,Real-time SBAS Corrected,11/14/2022,05:00:59pm,10,10,0.492638,68
603,26,1.3,Real-time SBAS Corrected,11/14/2022,05:02:02pm,11,11,0.440123,69
604,56,1.5,Real-time SBAS Corrected,11/14/2022,05:03:12pm,15,15,1.503847,70
605,57,1.7,Real-time SBAS Corrected,11/14/2022,05:04:08pm,12,12,0.530396,71
606,78,1.1,Real-time SBAS Corrected,11/14/2022,05:05:08pm,11,11,0.205224,72
607,79,1.6,Real-time SBAS Corrected,11/14/2022,05:06:00pm,13,13,0.432983,73
608,77,1.2,Real-time SBAS Corrected,11/14/2022,05:06:59pm,10,10,0.413474,74
609,76,1.3,Real-time SBAS Corrected,11/14/2022,05:08:28pm,10,10,1.46142,75
610,75,1.2,Real-time SBAS Corrected,11/14/2022,05:09:40pm,10,10,0.66811,76
611,96,1.2,Real-time SBAS Corrected,11/14/2022,05:10:34pm,14,14,0.736576,77
612,95,1.7,Real-time SBAS Corrected,11/14/2022,05:11:34pm,13,13,1.227509,78
613,99,1.7,Real-time SBAS Corrected,11/14/2022,05:12:22pm,14,14,0.535007,79
614,98,1.7,Uncorrected,11/14/2022,05:13:49pm,14,14,0.795645,80
615,329,1.3,Real-time SBAS Corrected,11/14/2022,05:14:49pm,25,25,1.16223,81
616,101,1.3,Real-time SBAS Corrected,11/14/2022,05:16:57pm,24,24,1.466623,82
617,102,1.2,Real-time SBAS Corrected,11/14/2022,05:18:35pm,12,12,0.686795,83
618,100,1.3,Real-time SBAS Corrected,11/14/2022,05:19:38pm,15,15,1.281558,84
619,103,1.3,Real-time SBAS Corrected,11/14/2022,05:20:37pm,17,17,0.401016,85
620,110,1.3,Real-time SBAS Corrected,11/14/2022,05:21:44pm,15,15,0.443906,86
621,109,1.7,Real-time SBAS Corrected,11/14/2022,05:22:41pm,13,13,0.658678,87
622,108,1.2,Real-time SBAS Corrected,11/14/2022,05:23:27pm,11,11,0.674238,88
623,107,1.7,Real-time SBAS Corrected,11/14/2022,05:25:05pm,12,12,0.9813,89
624,105,1.2,Real-time SBAS Corrected,11/14/2022,05:25:58pm,11,11,1.608306,90
625,104,1.5,Real-time SBAS Corrected,11/14/2022,05:26:43pm,13,13,1.782272,91
626,332,1.2,Real-time SBAS Corrected,11/14/2022,05:27:58pm,15,15,1.653105,92
627,295,1.3,Real-time SBAS Corrected,11/14/2022,05:28:54pm,13,13,0.94811,93
628,331,1.9,Real-time SBAS Corrected,11/14/2022,05:30:00pm,15,15,1.648683,94
629,330,1.4,Real-time SBAS Corrected,11/14/2022,05:31:02pm,14,14,0.797657,95
630,125,1.4,Real-time SBAS Corrected,11/14/2022,05:32:01pm,16,16,1.267367,96
631,9999,1.4,Real-time SBAS Corrected,11/14/2022,05:33:48pm,10,10,1.694146,97
632,9999,1.6,Uncorrected,11/14/2022,05:35:43pm,10,10,0.380673,98
633,334,1.4,Uncorrected,11/14/2022,05:36:35pm,12,12,0.608391,99
634,127,1.7,Real-time SBAS Corrected,11/14/2022,05:37:29pm,31,31,1.418438,100
635,126,1.8,Real-time SBAS Corrected,11/14/2022,05:39:54pm,12,12,1.209832,101
636,137,1.4,Real-time SBAS Corrected,11/14/2022,05:41:17pm,17,17,0.815944,102
637,136,1.4,Real-time SBAS Corrected,11/14/2022,05:42:34pm,15,15,0.99743,103
638,138,1.2,Real-time SBAS Corrected,11/14/2022,05:43:42pm,15,15,1.080661,104
639,139,1.1,Real-time SBAS Corrected,11/14/2022,05:44:40pm,12,12,1.48203,105
640,140,1.2,Real-time SBAS Corrected,11/14/2022,05:45:32pm,10,10,0.565045,106
641,141,1.3,Real-time SBAS Corrected,11/14/2022,05:46:23pm,14,14,1.374577,107
642,142,1.1,Real-time SBAS Corrected,11/14/2022,05:47:32pm,13,13,0.945709,108
643,143,1.5,Real-time SBAS Corrected,11/14/2022,05:48:25pm,17,17,1.568949,109
644,144,1.2,Real-time SBAS Corrected,11/14/2022,05:49:36pm,15,15,1.345312,110
645,154,1.3,Real-time SBAS Corrected,11/14/2022,05:51:42pm,12,12,0.980151,111
646,153,1.3,Real-time SBAS Corrected,11/14/2022,05:52:30pm,10,10,1.043108,112
647,155,1.5,Real-time SBAS Corrected,11/14/2022,05:53:44pm,24,24,1.411605,113
648,156,1.2,Real-time SBAS Corrected,11/14/2022,05:55:21pm,13,13,1.252731,114
649,159,1.1,Real-time SBAS Corrected,11/14/2022,05:56:27pm,12,12,1.282269,115
650,160,1,Real-time SBAS Corrected,11/14/2022,05:57:19pm,11,11,0.832771,116
651,161,1.1,Real-time SBAS Corrected,11/14/2022,05:57:58pm,15,15,2.213506,117
652,166,1.1,Real-time SBAS Corrected,11/14/2022,05:58:55pm,15,15,0.876927,118
653,165,1.1,Real-time SBAS Corrected,11/14/2022,05:59:53pm,15,15,2.037038,119
654,164,1.2,Real-time SBAS Corrected,11/14/2022,06:00:45pm,26,26,2.449395,120
655,162,1,Real-time SBAS Corrected,11/14/2022,06:02:30pm,12,12,0.505641,121
656,163,1,Real-time SBAS Corrected,11/14/2022,06:03:16pm,11,11,1.30194,122
657,168,1,Uncorrected,11/14/2022,06:04:18pm,15,15,0.972563,123
658,171,1,Real-time SBAS Corrected,11/14/2022,06:05:43pm,11,11,1.562497,124
659,170,1.2,Real-time SBAS Corrected,11/14/2022,06:06:30pm,14,14,0.793156,125
660,169,1.1,Real-time SBAS Corrected,11/14/2022,06:07:17pm,13,13,1.495543,126
661,175,1.1,Real-time SBAS Corrected,11/14/2022,06:09:33pm,16,16,0.958269,127
662,1335,1.3,Real-time SBAS Corrected,11/1/2022,04:52:07pm,48,48,0.634528,1
663,205,1.3,Real-time SBAS Corrected,11/1/2022,05:12:32pm,31,31,0.785661,2
664,202,1.6,Real-time SBAS Corrected,11/1/2022,05:16:35pm,21,21,1.195238,3
665,238,1.3,Real-time SBAS Corrected,11/1/2022,05:18:31pm,12,12,0.458792,4
666,201,1.4,Real-time SBAS Corrected,11/1/2022,05:19:56pm,19,19,0.846975,5
667,237,1.3,Real-time SBAS Corrected,11/1/2022,05:22:11pm,16,16,0.555137,6
668,23,1.3,Real-time SBAS Corrected,11/1/2022,05:23:34pm,16,16,0.548043,7
669,239,1.2,Real-time SBAS Corrected,11/1/2022,05:25:48pm,12,12,0.311215,8
670,240,1.4,Uncorrected,11/1/2022,05:27:09pm,11,11,1.535281,9
671,241,1.3,Real-time SBAS Corrected,11/1/2022,05:28:47pm,42,42,0.762218,10
672,242,1.5,Real-time SBAS Corrected,11/1/2022,05:31:29pm,26,26,0.672511,11
673,243,1.4,Real-time SBAS Corrected,11/1/2022,05:33:29pm,13,13,0.482778,12
674,81,1.7,Real-time SBAS Corrected,11/1/2022,05:36:53pm,11,11,0.376295,13
675,82,1.6,Real-time SBAS Corrected,11/1/2022,05:38:01pm,15,15,0.304241,14
676,83,1.6,Real-time SBAS Corrected,11/1/2022,05:39:24pm,23,23,0.510174,15
677,84,2.1,Real-time SBAS Corrected,11/1/2022,05:41:30pm,15,15,1.055429,16
678,85,2.3,Real-time SBAS Corrected,11/1/2022,05:43:18pm,31,31,2.111871,17
679,86,2.1,Real-time SBAS Corrected,11/1/2022,05:45:32pm,20,20,1.373389,18
680,88,1.4,Real-time SBAS Corrected,11/1/2022,05:46:58pm,11,11,0.462391,19
681,87,1.6,Real-time SBAS Corrected,11/1/2022,05:48:10pm,13,13,0.570232,20
682,91,1.8,Real-time SBAS Corrected,11/1/2022,05:49:40pm,16,16,0.790973,21
683,92,1.4,Real-time SBAS Corrected,11/1/2022,05:50:47pm,12,12,0.318942,22
684,58,1.6,Real-time SBAS Corrected,11/1/2022,05:52:34pm,16,16,1.671682,23
685,44,1.5,Real-time SBAS Corrected,11/1/2022,05:54:09pm,11,11,0.550332,24
686,15,1.9,Real-time SBAS Corrected,11/1/2022,05:56:16pm,14,14,2.153341,25
687,39,1.7,Real-time SBAS Corrected,11/1/2022,05:57:44pm,14,14,0.874935,26
688,43,1.1,Real-time SBAS Corrected,11/1/2022,05:58:49pm,10,10,0.462971,27
689,37,1.5,Real-time SBAS Corrected,11/1/2022,05:59:49pm,10,10,0.300239,28
690,36,1.2,Real-time SBAS Corrected,11/1/2022,06:00:44pm,10,10,0.447529,29
691,38,1.6,Real-time SBAS Corrected,11/1/2022,06:01:25pm,10,10,0.478121,30
692,46,1.3,Real-time SBAS Corrected,11/1/2022,06:02:14pm,10,10,0.959022,31
693,45,1.5,Real-time SBAS Corrected,11/1/2022,06:02:53pm,15,15,1.189289,32
694,177,2.8,Uncorrected,11/1/2022,05:16:31pm,32,32,0.801641,1
695,198,4.3,Uncorrected,11/1/2022,05:20:13pm,51,51,0.312024,2
696,197,10.8,Uncorrected,11/1/2022,05:23:20pm,50,50,2.543368,3
697,9999,2.6,Uncorrected,11/1/2022,05:29:19pm,34,34,1.86137,4
698,172,1.8,Uncorrected,11/1/2022,05:32:33pm,10,10,0.841186,5
699,191,2.6,Real-time SBAS Corrected,11/1/2022,05:35:46pm,11,11,1.413363,6
700,115,1.8,Uncorrected,11/1/2022,05:37:48pm,11,11,1.05508,7
701,116,2.2,Uncorrected,11/1/2022,05:39:40pm,29,29,0.961771,8
702,117,2.7,Uncorrected,11/1/2022,05:41:23pm,19,19,4.526752,9
703,118,2.4,Real-time SBAS Corrected,11/1/2022,05:42:32pm,12,12,5.628717,10
704,119,2.3,Real-time SBAS Corrected,11/1/2022,05:43:16pm,10,10,0.495172,11
705,120,3,Uncorrected,11/1/2022,05:44:44pm,14,14,0.822284,12
706,122,2.4,Uncorrected,11/1/2022,05:45:29pm,16,16,0.947195,13
707,123,2.8,Real-time SBAS Corrected,11/1/2022,05:46:36pm,13,13,1.069248,14
708,124,2.8,Real-time SBAS Corrected,11/1/2022,05:47:35pm,5,5,1.639528,15
709,124,2,Real-time SBAS Corrected,11/1/2022,05:48:08pm,12,12,2.808626,16
710,128,3.3,Uncorrected,11/1/2022,05:49:12pm,12,12,0.560971,17
711,129,1.8,Real-time SBAS Corrected,11/1/2022,05:50:22pm,12,12,0.912678,18
712,133,2.5,Real-time SBAS Corrected,11/1/2022,05:51:32pm,10,10,1.054781,19
713,130,1.9,Real-time SBAS Corrected,11/1/2022,05:52:31pm,11,11,0.596815,20
714,131,1.5,Real-time SBAS Corrected,11/1/2022,05:54:35pm,10,10,1.052148,21
715,132,2.8,Real-time SBAS Corrected,11/1/2022,05:55:17pm,10,10,1.109769,22
716,152,1.6,Real-time SBAS Corrected,11/1/2022,05:56:22pm,24,24,0.683459,23
717,320,1.4,Uncorrected,10/24/2022,03:55:30pm,21,21,0.487229,1
718,319,1.3,Real-time SBAS Corrected,10/24/2022,03:57:42pm,17,17,1.436304,2
719,318,1.1,Real-time SBAS Corrected,10/24/2022,03:59:46pm,47,47,1.519984,3
720,509,1.2,Real-time SBAS Corrected,10/24/2022,04:03:31pm,15,15,0.457385,4
721,508,1.4,Real-time SBAS Corrected,10/24/2022,04:05:29pm,11,11,0.570408,5
722,507,1.2,Real-time SBAS Corrected,10/24/2022,04:06:18pm,13,13,1.155728,6
723,506,1.3,Real-time SBAS Corrected,10/24/2022,04:08:22pm,11,11,0.3149,7
724,505,1.2,Real-time SBAS Corrected,10/24/2022,04:09:29pm,21,21,0.775275,8
725,504,1.4,Real-time SBAS Corrected,10/24/2022,04:13:03pm,13,13,1.013927,9
726,503,1.3,Real-time SBAS Corrected,10/24/2022,04:14:32pm,11,11,1.621181,10
727,502,1.3,Real-time SBAS Corrected,10/24/2022,04:16:05pm,12,12,1.968334,11
728,501,1.6,Real-time SBAS Corrected,10/24/2022,04:17:22pm,11,11,0.638533,12
729,513,1.1,Real-time SBAS Corrected,10/24/2022,04:19:34pm,10,10,0.68469,13
730,512,1.1,Real-time SBAS Corrected,10/24/2022,04:20:53pm,11,11,0.600881,14
731,510,1,Real-time SBAS Corrected,10/24/2022,04:21:54pm,11,11,0.634223,15
732,511,1.1,Real-time SBAS Corrected,10/24/2022,04:23:16pm,11,11,1.928313,16
733,514,1.3,Real-time SBAS Corrected,10/24/2022,04:24:18pm,10,10,0.439752,17
734,515,1.1,Real-time SBAS Corrected,10/24/2022,04:24:58pm,12,12,1.15931,18
735,516,1.1,Real-time SBAS Corrected,10/24/2022,04:26:08pm,13,13,0.664045,19
736,517,1.1,Real-time SBAS Corrected,10/24/2022,04:27:16pm,11,11,1.032787,20
737,518,1.1,Real-time SBAS Corrected,10/24/2022,04:28:32pm,10,10,0.600318,21
738,579,1.4,Real-time SBAS Corrected,10/24/2022,04:30:42pm,10,10,0.946608,22
739,578,1.1,Real-time SBAS Corrected,10/24/2022,04:34:40pm,10,10,1.059671,23
740,575,1,Real-time SBAS Corrected,10/24/2022,04:39:27pm,11,11,0.622889,24
741,573,1.1,Real-time SBAS Corrected,10/24/2022,04:40:50pm,11,11,0.216335,25
742,580,1.3,Real-time SBAS Corrected,10/24/2022,04:42:30pm,11,11,0.380676,26
743,519,1.2,Real-time SBAS Corrected,10/24/2022,04:44:02pm,11,11,0.919053,27
744,520,1,Real-time SBAS Corrected,10/24/2022,04:45:14pm,11,11,1.006256,28
745,521,0.9,Real-time SBAS Corrected,10/24/2022,04:46:30pm,11,11,0.504998,29
746,522,0.9,Real-time SBAS Corrected,10/24/2022,04:47:53pm,10,10,0.321862,30
747,523,1,Real-time SBAS Corrected,10/24/2022,04:49:28pm,10,10,1.025228,31
748,525,1,Real-time SBAS Corrected,10/24/2022,04:51:14pm,18,18,1.703602,32
749,577,1.1,Real-time SBAS Corrected,10/24/2022,04:53:25pm,11,11,0.395602,33
750,576,0.9,Real-time SBAS Corrected,10/24/2022,04:54:42pm,10,10,0.631667,34
751,574,1,Real-time SBAS Corrected,10/24/2022,04:55:45pm,11,11,0.879347,35
752,572,1,Real-time SBAS Corrected,10/24/2022,04:57:47pm,11,11,0.608849,36
753,571,1,Real-time SBAS Corrected,10/24/2022,04:59:17pm,14,14,0.348643,37
754,570,1,Real-time SBAS Corrected,10/24/2022,05:01:37pm,12,12,0.663942,38
755,589,1.1,Real-time SBAS Corrected,10/24/2022,05:03:36pm,14,14,0.392773,39
756,568,1,Real-time SBAS Corrected,10/24/2022,05:05:20pm,12,12,1.002386,40
757,567,1.1,Real-time SBAS Corrected,10/24/2022,05:06:32pm,12,12,1.085348,41
758,566,1.2,Uncorrected,10/24/2022,05:08:02pm,13,13,0.507183,42
759,560,1.2,Real-time SBAS Corrected,10/24/2022,05:10:16pm,12,12,0.564833,43
760,559,1.1,Real-time SBAS Corrected,10/24/2022,05:11:44pm,12,12,0.65155,44
761,558,1.4,Real-time SBAS Corrected,10/24/2022,05:13:48pm,11,11,0.570689,45
762,557,1.3,Real-time SBAS Corrected,10/24/2022,05:15:57pm,11,11,0.554252,46
763,564,1.2,Real-time SBAS Corrected,10/24/2022,05:17:15pm,10,10,0.319961,47
764,561,1.1,Real-time SBAS Corrected,10/24/2022,05:18:18pm,12,12,0.885108,48
765,562,1.1,Real-time SBAS Corrected,10/24/2022,05:19:26pm,14,14,0.224601,49
766,554,1.2,Real-time SBAS Corrected,10/24/2022,05:21:32pm,14,14,0.788265,50
767,555,1.3,Real-time SBAS Corrected,10/24/2022,05:23:54pm,13,13,0.956542,51
768,556,1.1,Real-time SBAS Corrected,10/24/2022,05:26:02pm,13,13,1.063861,52
769,551,1.1,Real-time SBAS Corrected,10/24/2022,05:27:08pm,11,11,0.783386,53
770,548,1.3,Real-time SBAS Corrected,10/24/2022,05:28:56pm,11,11,0.452898,54
771,553,1.2,Real-time SBAS Corrected,10/24/2022,05:30:17pm,13,13,0.998733,55
772,552,1.2,Real-time SBAS Corrected,10/24/2022,05:31:11pm,11,11,0.792611,56
773,547,1.3,Real-time SBAS Corrected,10/24/2022,05:33:11pm,12,12,1.410317,57
774,1184,1.2,Real-time SBAS Corrected,10/5/2022,02:51:51pm,13,13,0.49106,1
775,1183,1.3,Real-time SBAS Corrected,10/5/2022,02:54:39pm,16,16,0.740671,2
776,1238,1.1,Real-time SBAS Corrected,10/5/2022,03:00:10pm,21,21,0.284727,3
777,1239,1.2,Real-time SBAS Corrected,10/5/2022,03:02:30pm,35,35,1.04107,4
778,1182,1.4,Real-time SBAS Corrected,10/5/2022,03:08:44pm,12,12,0.348843,5
779,1184,1.5,Real-time SBAS Corrected,10/5/2022,03:12:05pm,11,11,2.389761,6
780,1180,1.4,Real-time SBAS Corrected,10/5/2022,03:14:43pm,11,11,0.61422,7
781,1179,1.3,Real-time SBAS Corrected,10/5/2022,03:17:58pm,13,13,1.045689,8
782,1178,1.1,Real-time SBAS Corrected,10/5/2022,03:21:07pm,11,11,0.299443,9
783,1177,1.3,Real-time SBAS Corrected,10/5/2022,03:25:05pm,10,10,0.358196,10
784,1256,1.4,Real-time SBAS Corrected,10/5/2022,03:29:13pm,18,18,0.239827,11
785,1251,1.2,Real-time SBAS Corrected,10/5/2022,03:31:47pm,11,11,0.331857,12
786,1250,1.5,Uncorrected,10/5/2022,03:34:46pm,11,11,0.264378,13
787,1249,1.4,Real-time SBAS Corrected,10/5/2022,03:37:22pm,12,12,0.892728,14
788,1248,1.2,Uncorrected,10/5/2022,03:41:04pm,11,11,1.144685,15
789,1242,1.3,Real-time SBAS Corrected,10/5/2022,03:43:00pm,11,11,0.171112,16
790,9999,1.3,Real-time SBAS Corrected,10/5/2022,03:48:30pm,19,19,0.659826,17
791,9999,1.4,Real-time SBAS Corrected,10/5/2022,03:52:43pm,22,22,0.283172,18
792,9999,1.1,Real-time SBAS Corrected,10/5/2022,03:54:29pm,22,22,0.655695,19
793,9999,1.1,Real-time SBAS Corrected,10/5/2022,03:56:28pm,18,18,0.927529,20
794,9999,1.2,Real-time SBAS Corrected,10/5/2022,03:58:12pm,14,14,0.179828,21
795,9999,1,Real-time SBAS Corrected,10/5/2022,04:00:04pm,15,15,0.138623,22
796,9999,1.5,Real-time SBAS Corrected,10/5/2022,04:01:03pm,21,21,0.55055,23
797,9999,1.2,Real-time SBAS Corrected,10/5/2022,04:03:11pm,10,10,0.21694,24
798,1289,1.3,Real-time SBAS Corrected,10/5/2022,04:05:49pm,10,10,0.182591,25
799,1290,1.1,Real-time SBAS Corrected,10/5/2022,04:07:08pm,12,12,0.087205,26
800,9999,1.2,Real-time SBAS Corrected,10/5/2022,04:09:31pm,14,14,0.138072,27
801,1292,1.4,Real-time SBAS Corrected,10/5/2022,04:11:25pm,10,10,0.262013,28
